Text,Price
크립토 공포 탐욕 지수 극단적 공포 지속,-1
월 일 코인니스 데일리 선물 차트 분석,-1
중국 안후이성 현지 암호화폐 채굴업체 운영 중단 명령,-1
핫빗코리아 월 일 원화마켓에 상장,-1
익명 개발자 기반 래빗파이낸스 코드 결함 존재 먹튀 가능성 제기,-1
비트파이넥스 숏포지션 시간 전 대비 증가,-1
업비트 개발자 컨퍼런스 차 연사 라인업 발표,-1
낙폭 확대 달러선 일시 반납,-1
이더리움 비콘체인 첫 업그레이드 알테어 알파 베타 버전 변경,-1
외신 파라과이 암호화폐 규제법 국세청 등록 등 내용 포함,-1
브라질 금융당국 라틴아메리카 최초 이더리움 출시 승인,-1
쿠사마 차 슬롯 경매 크라우드론 만 락업,-1
지난 시간 서 만 달러 규모 포지션 강제 청산,-1
빈 대학 법학 교수 암호화폐 관련 법률 더 늦기 전에 마련돼야,-1
헌트 민트 클럽 플랫폼 공식 출시,-1
데리프로토콜 풀 및 프리마이닝 풀 채굴 중단,-1
크립토스 파트너십 체결 한국시장 진출 추진,-1
에이프로빗 실시간 주요 암호화폐 시세,-1
질리카 노드 메모리 관리 결함 메인넷 트랜잭션 처리 중단,-1
펙실드 에이프로켓 파이낸스 플래시론 공격 당해,-1
체인스왑 해킹 배상 계획 발표,-1
일본 경찰 만 달러 암호화폐 투자 사기단 검거,-1
생태계 투자 펀드 무브 캐피탈 출범,-1
한정판 스니커즈 리셀 플랫폼 덩크 옥션 기능 개발,-1
호텔 예약 플랫폼 트라발라 매출 증가,-1
비트디지털 분기 비트코인 채굴기 대 구입,-1
데이터 거래소 유입량 감소세 지난해 월 수준,-1
호주 중앙은행 여러 중앙은행과 타당성 논의 중,-1
비블록 거래소 금융위 컨설팅 완료,-1
권은희 의원 비트코인 펀드 허용법 발의,-1
미스블록 보스톤미소치과 등 곳과 파트너십 체결,-1
지엑스체인 테스트넷 공개,-1
자메이카 중앙은행 암호화폐 투자 위험 경고,-1
질리카 네트워크 업그레이드 긴급 진행,-1
포블게이트 실시간 주요 암호화폐 시세,-1
윌리 우 비트코인 오르는 건 시간문제,-1
온체인 게임 프로젝트 엑시인피니티 접속장애 일부 복구,-1
뉴욕 법원 리플 소송 관련 청문회 개최 예정,-1
테라 머큐리얼 파이낸스 지원 관련 거버넌스 투표 진행,-1
바이낸스 약 억 신규 발행,-1
이더리움 클라이언트 버전 출시,-1
분간 상승 현재 달러,-1
바이낸스 트레이딩 대회 개최 만 달러 규모,-1
테조스 엠블 블록체인 기술 협력 타다 데이터 비즈니스 기술 개발,-1
인도 법원 표준화된 암호화폐 광고 면책조항 요구,-1
머스크 오픈소스 비트코인 지갑 규제 관련 질문으로 커뮤니티 공분,-1
펙실드 폴리곤 스페이스 토큰 플래시론 공격 받아,-1
실시간 암호화폐 자금 흐름,-1
비트메인 중동 파트너 이스탄불에 호점 오픈,-1
비트파이넥스 상장,-1
후오비코리아 외국인 거래 제한 예정 강화,-1
디지털 유로 비트코인보다 친환경적 발행 대비 위한 다음 단계 추진,-1
블랙록 비트코인에 대한 기관투자자 수요 크지 않다,-1
바이비트 미국 물가 상승에도 비트코인 가격 하락세,-1
서틱 만 달러 시리즈 투자 유치,-1
경찰 업비트 수상한 해외법인 수사 착수,-1
암호화폐 지갑 팬텀 만 달러 시리즈 투자 유치,-1
분간 상승 현재 달러,-1
버드와이저 분야 진출 모색,-1
개월 미만 보유 주소 월 이후 감소,-1
미 증시 대 지수 상승 출발,-1
년 이상 보유 주소 사상 최대,-1
자정부터 메인넷 업그레이드,-1
므누신 비트코인 구입 완벽하게 문제 없다,-1
크립토닷컴 체인 월렛으로 전송 가능,-1
내일 암호화폐 업계 주요 일정,-1
발키리 알고랜드 신탁 출시,-1
지난주 비트코인 채굴자 일평균 수익 만 달러,-1
작년 월 이후 스마트 컨트랙트 플랫폼 유입 자산 배 급증,-1
셰이프쉬프트 운영 중단 억 에어드랍,-1
애널리스트 년 거래규모 조 달러 전망,-1
코인베이스 프로 상장,-1
외신 모건 암호화폐 헤지펀드 실사,-1
몰타 금융당국 바이낸스에 운영 권한 없다 재차 경고,-1
파월 연준 의장 월초 보고서 발표 스테이블코인 규제 필요,-1
위즈덤트리 승인 결정 또다시 연기,-1
도지코인 창시자 암호화폐 부유층 카르텔에 의해 통제,-1
코인스케줄 발행사 대상 부당이득 챙겨 만 달러 벌금,-1
스크릴 암호화폐 월렛에 종 암호화폐 추가 서비스 확장,-1
증시 대 지수 혼조 마감 블록체인 테마주 하락,-1
카르다노 테스트넷 알론조 화이트 노드에 성공적 하드포크,-1
비탈릭 다큐멘터리 촬영 참여 스틸컷 공개,-1
이더리움 네트워크 평균 비용,-1
트라이엄프엑스 크리에이티브 디렉터로 미남컴퍼니 이우성 대표 합류,-1
애널리스트 디파이 세계 경제 바꾸는 건 시간문제,-1
라이트닝 네트워크 노드 수 전월,-1
캐나다 채굴 기업 비트팜 올 상반기 채굴,-1
크립토닷컴 미스터리 박스 차 드롭 진행,-1
제미니 창업자 디지털 달러 출시돼도 비트코인 효용성 그대로일 것,-1
만 매도 매도량 일 거래량의 미만 운영비 확보 차원,-1
소식통 블록체인 축구 게임 소레어 억 원 투자 유치,-1
메인넷 업그레이드 완료,-1
비탈릭 참여한 다큐 발행해 모금 중,-1
돌체앤가바나 독점 컬렉션 출시,-1
캐시우드 비트코인 관점에서 매력적,-1
실시간 암호화폐 자금 흐름,-1
구단 마이애미 히트 컬렉션 경매 출품,-1
오픈이더리움 버전 출시,-1
금융위 대 거래소만 계좌 받게 했다 사실 아냐,-1
비트코인 해시레이트 회복세 회복,-1
빗썸 계열 가상자산 출금 일시 중지,-1
크립토 공포 탐욕 지수 극단적 공포 지속,-1
월 일 코인니스 데일리 선물 차트 분석,-1
정부 랜섬웨어에 암호화폐 이용 단속할 것,-1
업비트 원화마켓 상폐 곤욕 치른 페이코인 결국 빗썸 간다,-1
오리진 프로토콜 사진작가 마이클 야마시타 컬렉션 경매,-1
홍콩 세관 억 달러 규모 암호화폐 자금세탁 첫 적발,-1
커버 프로토콜 릴리즈 블루 풀 유동성 채굴 프로그램 공개,-1
센트리퓨지 상장,-1
크로스파이 오늘 시 진행,-1
플래시론 공격 피해 에이프로켓 만달러 손실 피해자 배상 예정,-1
암호화폐 관련 트위터 계정 신규 팔로워 수 감소세,-1
키프로스 공화국 당국 암호화폐 관련 지침 마련 중,-1
이더리움 클라이언트 버전 출시,-1
에이프로빗 실시간 주요 암호화폐 시세,-1
펙실드 본들리 파이낸스 먹튀 의혹,-1
인베스트 전날 코인베이스 주식 만주 매수,-1
본들리 파이낸스 공격 피해 인정 거래 중지 요청,-1
미디움 한국조폐공사 블록체인 테스트베드 환경구축 수행기관 낙찰,-1
크림파이낸스 아이언 뱅크 와 담보 만 달러 대출 실행,-1
미래에셋 미국서 첫 블록체인 상장,-1
펙실드 과거 여러 스캠과 관련,-1
메타마스크 린케비 테스트넷서 호환 첫 트랜잭션 완료,-1
쿠사마 차 슬롯 경매 크라우드론 만 락업,-1
포블게이트 실시간 주요 암호화폐 시세,-1
클로버 파이낸스 크로스체인 트랜잭션 익스플로러 출시,-1
중국 해시레이트 점유율 개월 간 하락,-1
위메이드 빗썸 최대주주 비덴트 투자 대 주주 올라,-1
파라과이 의원 비트코인 법안 파라과이 채굴 투자자 법적 재정적 보장 제공,-1
레볼루트 억 달러 투자 유치 소프트 뱅크 등 참여,-1
프로젝트위드 한국여자축구연맹과 파트너십 체결,-1
스위스 은행 피카소 작품 소유권 토큰화 판매 예정,-1
미디어 대 코인거래소까지 실명계좌 장담 못한다,-1
뉴욕 채굴업체 그리니지 파운드리로부터 대 채굴기 인수,-1
데이터 채굴자 채굴 수익 월간 총 만 수준 회복,-1
후오비 글로벌 월 총 만 소각,-1
이탈리아 금융당국 바이낸스 현지 영업 허가 없다,-1
빗썸글로벌 빗썸싱가포르 빗썸 브랜드 못 쓴다,-1
실시간 암호화폐 자금 흐름,-1
비트코인 채굴기 대 추가 구매,-1
바이비트 암호화폐 현물 거래시장 진출,-1
분간 하락 현재 달러,-1
바이낸스 약 억 추가 발행,-1
낙폭 확대 달러선 일시 반납,-1
엄브렐라네트워크 체인스왑 해킹 피해 복구 방안 공개,-1
웨일폴 보유 주소 수 개 돌파,-1
정부 무역금융 블록체인 표준 시스템 구축 예정,-1
치아 채굴풀 신규 풀링 프로토콜 출시,-1
분간 상승 현재 달러,-1
데이터 비트코인 네트워크 접속 가능 노드 수 역대 최고 수치 기록,-1
미국 투자업체 플라워 암호화폐 거래소 운영사 지분 인수,-1
금융 스페셜 탭 및 스테이킹 예치 상품 출시,-1
중국 최대 블록체인 미디어 운영 종료,-1
분간 상승 현재 달러,-1
구글 비트코인 가격 키워드 검색량 최근 개월 최저 수치 기록,-1
백트 스마트 컨트랙트 개발사 디지털 애셋 전 영입,-1
파월 아직 장점이 단점보다 큰지 결정 못했다,-1
저스틴 선 아티스트 예술 시장 미래 선점할 것,-1
윌리 우 비트코인은 탈중앙화 금,-1
아르헨티나 프로 축구 부 리그 소시오스닷컴 토너먼트 로 명칭 변경,-1
공지사항 코인니스 마켓 서비스 점검,-1
국무부 사이버 테러 제보 보상금 지급 수단에 암호화폐 추가,1
법무부 바이낸스에 범죄수사 지원 감사 편지 요청 거절,1
파월 의장 암호화폐 결제 매커니즘 되는 데 완전히 실패,1
시카고 연은 총재 필요성 의문 들어,1
랜섬웨어 공격자 피해기업 간 암호화폐 거래 추적,1
달러 반납,1
하원의원 디지털 자산 증권법상 상품으로 취급하는 법안 발의,1
태국 대 은행 리플넷 라이선스 취득,1
채권왕 개인적으로 보유하지 않을 것,1
영국 젊은 암호화폐 투자자 리스크 경고 캠페인 계획,1
국제 유가 하락 달러,1
코인베이스 프로 상장,1
채굴업체 컴패스 원자력 공급업체와 년 파트너십 체결,1
페이팔 미국 이용자 암호화폐 구매 한도 상향조정,1
블룸버그 포트폴리오 배분 샤프지수 상승 효과,1
트위터 중점 개발자 플랫폼 서비스 계획,1
토르체인 해킹공격 받아 만 피해,1
스탠다드 차타드 은행 지원 커스터디 업체 영국 라이선스 취득,1
트라이엄프엑스 탈중앙화 엔터테인먼트 기업 엑스팝과 체결,1
캐나다 최대 비트코인 펀드 최근 한 달 보유량 약 감소,1
토르체인 네트워크 공격 피해액 약 만 아냐,1
에프앤가이드 두나무 가상화폐 톱 디지털자산지수 발표,1
메티스 여성 엔지니어 채용 확대할 것,1
이더리움 도메인 서비스 월 주소 수 만 개 증가,1
마켓 전략가 테슬라 빅테크주와 디커플링 비트코인 영향,1
경찰 뱅크 가상화폐 투자사기 혐의 수사,1
바이낸스 브라질 지사 임원 취임 개월만에 사임,1
데이터 비트코인 공급량 아직 수익권,1
액시 인피니티 몬스터 배틀 스포츠 대회 지원 총 상금풀,1
토카막 네트워크 블록체인 엑셀러레이터 디스프레드와 파트너십,1
플라이빗 기반 모바일 앱 출시,1
폴리마켓 예측시장 월 카르다노 스마트 컨트랙트 활성화 여부 베팅 오픈,1
뉴욕 자이언츠 사콘 바클리 광고협찬비 전액 비트코인으로 환전할 것,1
비블록 거래소 내부감사 진행,1
데이터 보유 주소 월 일 이후 만 추가 보유,1
시티코인 컨트랙트 스택스 메인넷에 배포,1
렛저 파일코인 지원 시작,1
해킹 공격 피해 본들리 토큰 재발행 예정,1
법원 증권 아니다 발언 관계자 청문회 증인 요청,1
리서치 다시 만원대 올해 최장기 횡보 중,1
가트너 블록체인 기술 하이프사이클 상 계몽 단계 진입,1
일본 금융청 디지털화폐 디파이 감독 부서 설립,1
스케일스왑 일 첫 진행,1
빗썸 거래지원 종료 투자유의종목 지정 연장,1
에이프로빗 실시간 주요 암호화폐 시세,1
썸씽 모빌리티 기반 신개념 뮤직토크쇼 텔미썸씽 선공개,1
미국 잭슨카운티 비트코인 재산세 납부 허용 예정,1
바이낸스 스마트 체인 기반 출시,1
금융위 암호화폐 거래소 신고 유예 연장 없다,1
디비전 네트워크 써틱 의뢰 스마트 컨트랙트 보안 검증 완료,1
솔라나 기반 스테이블코인 스왑 플랫폼 세이버 유동성 채굴 보상 프로그램 시작,1
어나니머스 새 암호화폐 아논 이누 공개 머스크 대항 목적,1
한전 전력연구원 삼성과 에너지 블록체인 플랫폼 개발 추진,1
인민은행 디지털 위안화 본원통화 개념 적용 금리 적용 안한다,1
거래량 억달러 전분기 대비,1
인민은행 디지털 위안화 소액 결제 익명성 보장,1
크립토퀀트 대표 비트코인 매도 압력 높아 보인다,1
공식 웹사이트 개편,1
톤스타터 유동성 마이닝 시작,1
리투아니아 규제당국 바이낸스에 무허가 영업 경고,1
인민은행 단기 방문 외국인 은행계좌 없어도 디지털 위안화 월렛 사용 가능,1
비트메인 채굴자 트레이닝 센터 재오픈 미국 접수 시작,1
빅원 오늘 시 상장,1
피터 시프 갤럭시디지털 주가 하락세 지속 비트코인에 좋은 징조 아냐,1
월 들어 블록체인 공격사건 차례 발생 피해액 만달러 상회,1
라토큰 일 마켓에 상장,1
바이낸스 오는 월 주식 토큰 지원 종료,1
중국 디지털 위안화 연구 성과 백서 발간 테스트 금액 억 달러,1
폴리곤 및 게임 관련 서비스 출시 예정,1
인디고차일드 웨일폴 생태계 슈림프 노드 선거 위 선출,1
서베이 암호화폐 전문가 년까지 만 달러 도달 예상,1
솔라나 도메인 경매 최고가는 누적 건,1
홍콩 증감회 바이낸스 그룹 홍콩서 승인 등록 안 받아,1
코인베이스 기존 금융 시스템 일반인이 투자로 부자되는 것 불법화해,1
경제학자들 제롬 파월 미 연준 의장 내년 연임될 것,1
델타세타 상장,1
외신 전 리플 핵심 파트너사 머니그램 사모펀드에 인수될 수도,1
국채 년물 금리 로 상승,1
소식통 비트코인 선물 거래 승인,1
스테이블 코인 총 공급량 억 달러 돌파,1
메사리 올해 이더리움 온체인 거래량 조 달러 신기록 예상,1
메사리 올해 이더리움 온체인 거래량 조 달러 신기록 예상,1
외신 메타마스크 기반 전액 이체 오류 발생,1
외신 상승 전환 움직임 채굴자 보유액 증가,1
채굴 난이도 감소 전망 년 월 수준,1
소프트뱅크 자회사 불리시에 만 달러 투자,1
바이낸스 독일 파트너사 주식 토큰 지원 중단 비즈니스를 위한 결정,1
옐런 재무장관 일 스테이블코인 관련 대통령 실무그룹 회의 소집,1
시가총액 억 달러 돌파 시총 위권 진입,1
테라폼랩스 억 달러 규모 생태계 기금 조성,1
대규모 이체 억 만 달러 규모 익명 익명,1
소더비 초고가 다이아몬드 만 달러 낙찰 암호화폐 결제,1
외신 달러 지수 차트 강세 전환 패턴 형성 만 달러 수성 위기,1
트레이더 알라메다 매입 중,1
디지털 위안화 시범 사업장 만 개 돌파,1
폴란드 금융감독청 바이낸스 서비스 사용 여부 투자자가 직접 선택,1
구겐하임 만 달러 지지선 지키는데 실패할 것,1
창시자 스테이블코인 프로토콜 제드 신중하게 접근,1
그레이스케일 암호화폐 운용 자산 약 억 달러,1
팬케이크버니 폴리곤 버전 공격 받아 풀 중단,1
그레이스케일 일 연속 매입,1
몇주째 신규 발행 없어 중국 규제 영향 등,1
미 연준 경기 부양 보조금 중 가 로 유입,1
자비스랩스 년 생성 월렛서 만 이동,1
만 코인베이스 프로로 입금 후 다시 외부로 출금,1
이더리움 공동 창업자 암호화폐 업계 떠난다 월렛 개발사 매각 예정,1
비자 마스터카드 바이낸스 관련 각국 규제 동향 모니터링 중,1
코인베이스 프로로 입금,1
웨일폴 시가총액 억원 돌파,1
다이노스왑 유동성 채굴 보상 토큰 출시,1
카르다노 기반 플랫폼 스포어스 만달러 유치,1
엘살바도르 자체 스테이블코인 발행 가능성 제기,1
말레이시아 경찰 압수한 암호화폐 채굴기 대 분쇄,1
네바다주 석유회사 비트코인 채굴기 최대 만대 배치 계약 체결,1
일 저스트스왑 상장,1
크립토 공포 탐욕 지수 극단적 공포 지속,1
해킹당해 암호화폐 증발 소송 법원 거래소 탓 아냐,1
플래시론 공격 피해 팬케이크버니 폴리곤 스시 볼트 재오픈,1
랜 노이너 오늘 만 코인베이스 유입 내부 월렛간 이체,1
웨일폴 제 차 소각 진행 약 억 소각,1
멀티체인 디파이 플랫폼 루빅 하모니와 파트너십 체결,1
와이즈비트코인 일 입금 보너스 이벤트 출시 예정 공지,1
암호화폐 정보 플랫폼 트로들 폴리곤 체인 마이그레이션 완료,1
솔라나 기반 디파이 프로토콜 아큐먼 스위치보드와 파트너십 체결,1
팀 드레이퍼 년 연말 혹은 년 연초 만 달러 전망,1
컨센시스 창업자 런던 하드포크 이더리움 수요 및 가치 상승 전망,1
코인니스 뉴스 제공 시간 안내,-1
코인니스 일요일 주요 뉴스 브리핑,-1
바이낸스 제 차 정기 소각 약 만 소각 완료,-1
월가 대표 비관론자 타이스 지금 매수는 위험해,-1
와이즈비트코인 일 입금 보너스 이벤트 실시,-1
옵션룸 체인스왑 해킹 관련 에어드랍 진행,-1
치아 창시자 장기간 치아 토큰 보유할 것,-1
분석 미국 스테이블코인 관련 가지 규제 옵션 보유,-1
인도 중앙은행 블록체인 성장 가속화 해야,-1
이번주 규모 보호예수 물량 해제,-1
크림파이낸스 와 첫 대출 출시,-1
마라톤 디지털 채굴업체 만곳 미국 이전 타진,-1
옐런 재무장관 오늘 스테이블코인 대통령 실무그룹 회의 소집,-1
세르비아 유명 트레이더 모든 암호화폐 마켓 떠난다,-1
바이낸스 수익 전분기 대비 약 감소 추정,-1
대퍼랩스 전 약세장서 투기 유행,-1
베이시스 렌딩 폴리곤 네트워크 서비스 시작,-1
부산시 통합전자지갑 비 패스 오늘 서비스 시작,-1
분석 엑시 인피티니 등 모델 토큰 가치 장기지속 가능,-1
안티매터 새 토큰 에어드랍,-1
에이프로빗 실시간 주요 암호화폐 시세,-1
체인스왑 신규 토큰 컨트랙트 보안 감사 진행 일 에어드랍,-1
블록체인 전문기업 미디움 상반기 실적 발표,-1
탈중앙화 거래소 세이버 솔라나 기반 거래풀 출시,-1
쿠도스 월 일 온체인 스테이킹 서비스 출시,-1
가상자산가치평가원 국내외 가상자산 프로젝트 평가 보고서 발표,-1
외신 홍콩매체 사업 진출,-1
데이터 비트코인 네트워크 수수료 월들어 감소세 지속,-1
농협금융 암호화폐 메타버스 등 투자환경 변화 주도,-1
외신 호주 증권거래소 블록체인 업그레이드 고객사 부담 비용 증가,-1
분석 암호화폐 큰 변동성 뮤추얼 패시브 펀드 부재 때문,-1
데이터 암호화폐 거래소 일일 순 유입량 개월 최고치 기록,-1
후오비코리아 신규가입 인스타그램 거래왕 프로모션 진행,-1
전체 암호화폐 시총 월 최고점 대비 감소,-1
아크인베스트먼트 비트코인 플랜 발표한 스퀘어 주식 매입,-1
만 달러 규모 토큰 바이백 소각 완료,-1
터키 재무부 차관 암호화폐 거래 등 관련 법안 월 의회 상정,-1
후오비코리아 오늘의 상승 코인,-1
크립토 공포 탐욕 지수 극단적 공포 지속,-1
만 달러 시리즈 투자 유치,-1
금융청 분산 금융 대응방안 연구회 출범 암호화폐 거래소 관계자는 제외,-1
마젤란파이낸셜 창업자 거품 터지면 비트코인 가치 된다,-1
시총 비중 월 중순 대비 약 포인트 상승,-1
비탈릭 부테린 출연 다큐 일 만에 자금 조달,-1
신한금융 코인 투자 많으면 대출 축소,-1
체인엑스 한밤중 개 상폐 공지하고 원화입금 중지,-1
폴 크루그먼 스테이블코인 현대판 프리뱅킹 위기에 봉착할 것,-1
애널리스트 연내 신고가 갱신할 것,-1
바이비트 비트코인 보유자 증가세 지속,-1
리튬파이낸스 월 일 폴카스타터서 진행,-1
이더마인 수익 전체 채굴자에 분배키로,-1
데이터 주요 거래소 거래량 개월래 최저 수준,-1
랩스 설립자 기관 투자자 장기적 성장 확신,-1
샌티멘트 만달러 도달 시점 투표 진행 년 선두,-1
지난주 일평균 거래량 전주 대비 증가,-1
인도 당국 와지르엑스에 암호화폐 출금 관련 소명 요구,-1
녹색 채굴 기업 억 달러 자금조달 계획,-1
그레이스케일 디파이 펀드 출시,-1
약세 지속 달러선 반납,-1
외신 로빈후드 서 억 달러 가치 평가 모색,-1
그레이스케일 전환 노력 중,-1
외신 우크라이나 당국이 압수한 플스 코인 채굴 용도 아니야,-1
칠리즈 아스날 팬토큰 출시,-1
케냐 선관위 위원 후보 선거에 블록체인 도입 시 비용 절감,-1
국채 년물 금리 로 하락세,-1
피터 브랜트 도지코인 헤드앤숄더 패턴 따라 하락 가능성,-1
미 공화당 의원 베이징 올림픽서 디지털 위안화 사용 제한해야,1
분석 랠리 후 급락 추가 하락 가능성,1
리플 파트너 니움 피도르은행 비자 페이도 앱과 파트너십,1
코인베이스 유동성 늘리려 투자자 유인 만 달러 집단 손배소,1
대규모 이체 억 원 규모 제미니 익명,1
외신 암호화폐 투자 펀드 비트코인 이더리움,1
로빈후드 소매 거래 둔화 암호화폐 감소 특히 두드러져,1
로이터 스페인 팬데믹 기간 현금 사용 퇴출 추세 디지털유로화 필요성,1
리플 위원의 최근 성명 이용해 소송 각하 추진,1
매체 디지털 위안화 띄우기 비트코인보다 편리하고 개방적,1
비트루 거래소 카르다노 블록체인 기반 자산 지원 예정,1
암호화폐 결제 앱 개발업체 사기 혐의로 기소,1
증시 대 지수 하락 마감,1
로스차일드 인베스트먼트 주식 추가 매입,1
그레이스케일 암호화폐 운용 자산 약 억 달러,1
옐런 재무장관 스테이블코인 규제 프레임워크 신속히 구축,1
분석 현재 비트코인 판매자 대다수 적자 기록,1
빗썸 실시간 주요 암호화폐 시세,1
비트렉스 글로벌 상장,1
레전드 서퍼 켈리 슬레이터 자체 암호화폐 발행 계획,1
폴리곤 블록체인 게임 개발 추진 자회사 설립,1
일론 머스크 잭 도시 캐시 우드 비트코인 토론 예정,1
넥슨 유럽거래소 비트스탬프 억 추가 투자,1
플랫폼 디파인 억 투자 유치,1
업비트 상반기 매출 조 첫 돌파,1
달러 반납,1
노셔널 월 릴리즈 및 토큰 발행,1
유통량 만 만 달러 구간서 거래,1
뉴저지주 암호화폐 대출 플랫폼 블록파이에 증권법 위반 혐의 적용,1
크립토 공포 탐욕 지수 극단적 공포 지속,1
유명 복서 타이슨 퓨리 만 달러에 낙찰,1
설립자 이더리움 기반 트위터 구축 추진,1
디비전 네트워크 소셜 마켓 플레이스 트윈치와 파트너십 체결,1
만달러 반납 이후 처음,1
블록파이 부터 뉴저지 고객 이자계정 개설 중단 명령 받아,1
더나인 컴퍼니 코리아 키오스크에 코인 결제 시스템 도입,1
블록파이 증권 아냐 뉴저지 증권국 조치에 비동의,1
지난 시간 억 달러 선물 포지션 강제청산,1
피델리티 서베이 기관투자자 년까지 암호화폐 보유 계획,1
데이터 지난주 일평균 수수료 유니스왑 에도 못 미쳐,1
에이프로빗 실시간 주요 암호화폐 시세,1
한은 모의실험 사업자 카카오 그라운드 선정,1
로빈후드 뉴욕 당국과 암호화폐 관련 만 달러 벌금 합의,1
엘뱅크 상장,1
후오비코리아 전 임직원 자사 거래소 매매 금지,1
평균 거래 수수료 작년 월 이후 최고,1
테더 시장 폭락해도 스테이블 코인 성장 가능,1
메이커다오 옵티미즘 브릿지 론칭,1
베네수엘라 비트코인 채굴 박물관 개관,1
기반 마켓플레이스 리바이벌 출시,1
포블게이트 실시간 주요 암호화폐 시세,1
채굴자들 거래소로 송금,1
전 구글 프로덕트 매니저 라이트닝 랩 합류,1
비트멕스 알트코인 디파이 바스켓 지수 출시,1
바이프로스트 쿠사마 차 슬롯 경매 낙찰,1
지난주 리뷰 차 거래 시장 거래량 거래 가격 동반 상승,1
외신 고래 주소 채굴자 매도 물량 흡수 중,1
크립토닷컴 카드 결제 사용 가능 암호화폐 개 신규 추가,1
창업자 옐런 스테이블코인 규제 강조 업계에 긍정적 영향,1
데이터 년 휴면 고래 지난주 억 달러 규모 매입,1
모건 자산운용 대다수 고객 새로운 자산 유형으로 인식,1
오스프리 펀드 비트코인 출시 승인 빨라도 내년,1
마켓 오픈시 억 달러 투자 유치 주도,1
팬케이크스왑 이번주 만 소각 완료 만 달러 규모,1
리서치 비트코인 만 달러선 붕괴 채굴자 매도량 증가,1
메티스 자체 개발 미들웨어 출시 예정,1
크립토닷컴 메인넷 호환 체인 크로노스 테스트넷 공개,1
글로벌 투자은행 암호화폐 검증되지 않은 자산,1
시장 큰 손 러퍼 인베스트 단기적으로 투자 힘들 것,1
마스터카드 스테이블코인 활용한 암호화폐 결제 테스트 진행,1
외교부 정치권 디지털 위안화 갖고 시비 걸지 마,1
오늘 시 상장,1
외신 주식 시장 위험 회피 심리 암호화폐 하락 야기,1
바이낸스 풀 일 채굴 서비스 중단,1
제 차 바이백 및 소각 완료,1
엑시인피니티 서버 최적화 작업 일부 기능 지연 가능성,1
애니모카브랜드 글로벌 와 엑셀러레이팅 프로그램 출범,1
엄브렐라네트워크 체인스왑 해킹 피해 관련 신규 토큰 에어드랍,1
조지아 정부 현지 생산 와인 연계 발행 예정,1
코인베이스 인수 인프라 개발사 솔라나 기반 개발 툴 출시,1
마켓 만 달러 투자 유치,1
코인펀드 만 달러 규모 디파이 투자 펀드 조성,1
디파이 개발사 코인 만 달러 규모 투자 유치,1
디파이 개발사 코인 만 달러 규모 투자 유치 해시드 주도,1
준비 자산 공개 현금 및 현금성 자산,1
뉴욕증권거래소 아르카 플랫폼 암호화폐 채굴 산업 투자 상장,1
암호화폐 자산 이동 규정 강화 법안 발의 익명 암호화폐 월렛 금지,1
옵션 만 만 달러 풋옵션 급증 시장 약세 전망 반영,-1
베가 프로토콜 코인리스트서 토큰세일 만 달러 투자 유치,-1
보스턴 소재 억 달러 규모 펀드 조성 크립토 등 투자,-1
달러 일시 회복,-1
디파이 수익 애그리게이터 플루리 파이낸스 만 달러 투자 유치,-1
상원의원 랜섬웨어 공격 관련 암호화폐 역할 조사 필요,-1
타이탄 만 달러 시리즈 투자 유치 등 참여,-1
억 달러 시리즈 투자 유치 기업 가치 억 달러 평가,-1
세금 컴플라이언스 기업 택스비트 유니콘 등극 위해 투자 유치 계획,-1
외신 바이낸스 지분 정리 좋은 조건으로 완료,-1
외신 주 이동평균선 하회시 만 달러선까지 하락 가능,-1
포브스 비트코인 시장 역동성 향상,-1
유엔 산하 경영 이니셔티브 가입,-1
미 하원 소위원회 랜섬웨어 주제로 청문회 개최 암호화폐 외 문제도 존재,-1
유럽 헤지펀드에 암호화폐 서비스 제공,-1
실버게이트 디지털화폐 수수료 수익 전 분기 유동성 증가,-1
그레이스케일 암호화폐 운용 자산 약 억 달러,-1
크립토인덱스 개 코인 포함 등 제외,-1
캐나다 중앙은행 연구 결과 발표,-1
메이커 재단 설립자 수개월 내 재단 해체,-1
이더리움 공동 창업자 업계 떠나도 암호화폐 청산 안 해,-1
억 실탄장전 비덴트 빗썸 진짜 주인 등극하나,-1
포춘 테슬라 투자수익 최근 폭락으로 증발,-1
비트코인 만달러 선 붕괴 전문가들 추가 하락 후 반등할 것,-1
서클 폴로닉스 합의 위해 만달러 준비,-1
크립토 공포 탐욕 지수 극단적 공포 지속,-1
이더리움클래식 마그네토 하드포크 예상,-1
다날 비트코인 배달결제 시장 여나 위 배달업체 억원 투자,-1
골드만삭스 가격 네트워크 규모 대비 고평가,-1
매드머니 진행자 테더 준비자산 기업어음 구성비율 공개하라,-1
북한 암호화폐 특강 개발자 코인베이스 계정 확인 후 재수감,-1
두나무 계열사 람다 디비전 메타버스에서 컨퍼런스 개최,-1
하정우 그림 카톡 장터 서 판다 만원에 경매 시작,-1
후오비코리아 에어드롭 지급 완료,-1
이퀼리브리엄 지원 발표,-1
월 일 코인니스 데일리 선물 차트 분석,-1
만달러 회복,-1
바이비트 횡보장 고정 수익 암호화폐 상품 투자 유효,-1
에이프로빗 실시간 주요 암호화폐 시세,-1
네온랩스 솔라나에 이더리움 가상머신 배치,-1
인베스트 전날 코인베이스 주식 만주 매수,-1
스시스왑 전략적 자금조달 규모 만 달러로 수정,-1
미국 새크라멘토 킹스 오픈씨에서 첫 시리즈 출시,-1
중국 대형 보험사 핑안 디지털 위안화로 보험료 납부 시 할인,-1
엘뱅크 상장,-1
이더리움 이글 제네시스 론칭,-1
정부 부채 페깅 스테이블코인 미국 특허 승인,-1
피터 시프 만 달러선 저항선될 것,-1
베라시티 쟁글 신용도 평가 등급 획득,-1
뉴욕멜론은행 암호화폐 거래 플랫폼 퓨어 디지털 공개 지원,-1
조셉 영 암호화폐 투자 장기적으로 봐야,-1
포블게이트 실시간 주요 암호화폐 시세,-1
아르고 블록체인 미국예탁주식 상장 계획,-1
금융위 코인 증권성 판단 기준 마련한다,-1
아오이 소라 바이낸스 서 드랍,-1
피터 브랜트 비트코인 만 달러대 흐름 안정적,-1
디파이 포털사이트 디파이박스 바이낸스스마트체인 서비스 론칭,-1
미러 프로토콜 아크인베스트먼트 주가 추종 지원,-1
상승폭 확대 달러선 회복,-1
애널리스트 달러 선 지지 여부 중요,-1
프로젝트 위드 플레이어스와 전략적 파트너십 체결,-1
비트스탬프 유로화 연동 스테이블코인 지원,-1
도지코인 백만장자 유튜버 지속 매집 중,-1
아크 인베스트 이틀간 만 달러 규모 매수,-1
일 스테이킹 상품 출시,-1
워드프레스 기반 웹사이트 결제 지원,-1
레디클 탈중앙화조직 코드 관리 툴 출시,-1
호주 증권거래소 상원의회에 암호화폐 커스터디 규정 마련 촉구,-1
알라메다 리서치 만 달러 아래 가격에 추가 매수,-1
보고서 시장 침체에도 미국인 암호화폐 투자,-1
서베이 기관 투자자 비트코인 투자 보안 이 걸림돌,-1
블룸버그 전략가 비트코인 암흑기 아냐 만 달러 지지 확인 후 장기 상승,-1
비트스탬프 미국 지사 로 크라켄 전 영입,-1
아발란체 자체 체인에 체인링크 오라클 통합,-1
블록체인 게임 제드 런 개발사 만 달러 시리즈 투자 조달,-1
암호화폐 채굴업체 코어사이언티픽 통해 나스닥 상장 추진,-1
플레어 네트워크 홀더에 에어드롭 예정,-1
위원장 주식토큰과 스테이블코인 증권법 적용,-1
노벨경제학상 수상자 비트코인 투기성 짙은 자산일 뿐,-1
프라이버시 인프라스트럭쳐 님 테스트넷 업그레이드,-1
골드만삭스 패밀리 오피스 암호화폐 투자 의향 있다,1
버뮤다 거래소에 디지털 자산 라이선스 클래스 첫 발급,1
쓰촨성 떠나는 채굴자 이미지 오픈씨서 경매 진행,1
스티브 잡스 자필 입사 지원서 라리블서 경매 진행,1
상승폭 확대 달러선 회복,1
비워드 컨퍼런스 비트코인 채굴 전력 소비 재생 에너지,1
팍소스 준비 자산 첫 공개 현금성 자산,1
비워드 컨퍼런스 거래 자금세탁 테러 자금 조달 비중 극히 작다,1
애널리스트 익명 암호화폐 월렛 금지 발언은 퍼드,1
비워드 일론 머스크 잭 도시 캐시우드 비트코인 토론 시작,1
일론 머스크 결론적으로 비트코인 지지한다,1
일론 머스크 스페이스 비트코인 보유 중,1
비워드 컨퍼런스 미디어의 집중화 보도 잘못됐다,1
트위터 비트코인 인터넷 네이티브 화폐 될 수 있어,1
일론 머스크 비트코인 매도 않고 매수만 한다,1
달러 회복,1
일론 머스크 테슬라 다시 비트코인 결제 지원 가능성 크다,1
사우디 국영 석유기업 데이터 유출 해커 만 달러 암호화폐 요구,1
캐시 우드 비트코인 신흥시장 인플레이션 헷징 수단 될 것,1
뉴저지 증권국 블록파이 이자계정 개설 중단 발효일자 연기 일 일,1
트위터 세계 평화에 도움이 되길 바래,1
코인베이스 커머스 결제옵션에 추가,1
데이터 선물 미체결약정 만 월 일 이후 최고,1
훈민정음 억에 간송미술관 개 한정판매 추진,1
테더사 법률고문 회계 감사 몇 달 뒤 진행 가능,1
크립토 맘 위원 투자자 보호 방식 미국답지 않다,1
폴리곤 공동 창업자 게임 산업 할리우드 영화 산업보다 큰 규모,1
매니아 로보트 태권 탄생 주년 기념 발행,1
법원 리플 소송 증인 심문 일정 일로 연기,1
외신 스텔라 재단 머니그램 인수 가능성,1
퍼포즈 이더리움 보유량 만개 돌파,1
스테이블코인 프로젝트 프락스 파이낸스 하모니와 파트너십,1
엘뱅크 상장,1
퍼블릭 베타 출시,1
제미니로 입금,1
인터밀란 칠리즈 플랫폼 소시오스 메인 스폰서로 유니폼 공개,1
온라인 증권사 창업자 암호화폐 성공하기는 힘들겠지만 일부 베팅할 가치 있어,1
엘뱅크 상장,1
호주 암호화폐 채굴 기업 미국에 장비 추가 배치,1
호주 메이저 결제 서비스 암호화폐 거래 출시 예정 미국 호주 시장 타깃,1
금융위 미신고영업 해외거래소 접속차단 고발 조치,1
에이프로빗 실시간 주요 암호화폐 시세,1
창업자 주식 암호화폐 시장 거품 이르면 올 가을 터진다,1
사진 작가 김중만 컬렉션 작품 출시 대중 예술 보급확대 희망,1
바이낸스 오스트레일리아 코인리와 파트너십 세금 신고 솔루션 제공,1
비탈릭 부테린 홍보 영상에 깜짝 출연,1
데이터 평균 블록크기 감소,1
폴카닷 창업자 쿠사마 파라체인 안정화 후 주 내 슬롯 경매 시작,1
이더리움 런던 하드포크 테스트 보고서 발표 결함 복구 완료,1
커런시닷컴 암호하폐 기업 자율 규제 공동체 크립토 합류,1
블록체인 숙박 공유 플랫폼 한달새 만 개 숙박 시설과 제휴,1
이통사 주도 블록체인 표준 권고안 회의 통과,1
스위스 크립토 은행 폴카닷 출시 스위스 증권거래소 상장 완료,1
핫빗코리아 가입 및 오아시스게임 홍보 프로모션 진행,1
캐시 우드 억 달러 송금 시장서 암호화폐 활용 건의,1
러시아 중앙은행 증권사에 암호화폐 관련 기업 상장 제한 권고,1
그레이스케일 투자자들 단기 변동성 충격 크지 않다,1
미래애셋 미국 자회사 글로벌 비트코인 신청,1
영국 왓포드 암호화폐 카지노 스테이크닷컴과 스폰서십 체결,1
뉴저지 이어 앨라배마주도 블록파이에 미등록 증권판매 혐의 적용,1
비자 리플넷 고객 커런시클라우드 인수 예정,1
비탈릭 년 도입 연기설 사실 아냐,1
엘살바도르서 비트코인 법정화폐 지정 반대 시위 열려,1
전 미국 소비자금융보호국장 암호화폐 리스크 모니터링 기업 합류,1
셀러 네트워크 메인넷에서 출시,1
분석 비트코인 만달러서 삼중바닥 형성 단기 강세,1
셀로 블록체인 출시,1
포브스 기고자 디파이 암호화폐 시장 랠리 주도,1
영국 내셔널웨스트민스터은행 바이낸스 카드 결제 차단,1
솔라나 에버뉴캐피탈과 만 달러 생태계 펀드 설립,1
아르고 블록체인 텍사스주에 친환경 암호화폐 채굴장 구축 중,1
달러선 회복,1
레이디움 온리원 진행,1
탈중앙 신원인증 기업 매직랩스 만 달러 시리즈 투자유치,1
사이먼 마켓 억 달러 자금 조달 암호화폐 펀드 등 사업 확장,1
블록체인 스타트업 억달러 조달 역대 최대,1
인도 중앙은행 부총재 암호화폐 화폐 정의에 부합하지 않아,1
디피니티 집단소송 휘말려 원고 는 미등록 증권,1
크립토 벤처 스튜디오 떼시스 만 달러 시리즈 투자유치,1
폴리곤 만 달러 펀드 설립,1
리얼비전 현재 가장 확실한 베팅은 이더리움,1
외신 모건 모든 자산관리자에 암호화폐 펀드 투자 채널 제공 권한 부여,1
우크라이나 정부 디지털 자산 산업 발전 로드맵 공개,1
이더리움 클라이언트 버전 출시 관련 결함 복구,1
신용조합과 디파이 상호작용 방식 공개 피드백 요청,1
외신 인도 중앙은행 시범사업 진행 검토 중,1
바이비트 서버 접속 오류 발생 기술팀 긴급 복구 진행,1
빗썸 홈페이지 및 모바일 앱 접속 장애 발생,1
정책 전문가 권한 확대 위해 리플 고소,1
창업자 다음 목표는 미국 시장 진출,1
미국 컴퓨터 하드웨어 제조사 치아 채굴 전용 출시,1
코인베이스도 접속 장애 암호화폐 거래소 접속 장애 잇따라,1
레딧 이더리움 기반 커뮤니티 포인트 시스템 확장 위해 아비트럼 도입,1
포브스 헤지펀드 암호화폐 투자 확대 중,1
그레이스케일 선구적인 리더로 성장할 것 전환 전념 서한 공개,1
콜롬비아 중앙은행 최초 블록체인 채권 파일럿 시작,1
구글 프로덕트 매니저 머스크 암호화폐 언급 수익 창출 목적,1
텍사스 블록파이 중단 요청 증권법 위반 혐의,1
조던 벨포트 머스크 펌프앤덤프 하기엔 돈이 너무 많아,1
크림파이낸스 유로화 연동 스테이블코인 지원,1
갤럽 젊은 미국인 투자 급증 암호화폐 위험하지 않다 인식 바껴,1
그레이스케일 암호화폐 운용 자산 약 억 달러,1
뱅크프로브 암호화폐 거래소 고객 위한 결제 네트워크 출시,1
외신 사이드체인 프로젝트 다음주 런칭 예정,1
전환 공식 제안 발표 올해 적용은 어려워,1
북미 편의점 체인 써클 비트코인 지원,1
암호화폐 대출 플랫폼 블록파이 규제 강화에도 내년 진행 추진,1
토르체인 일주일 만에 또다시 네트워크 공격 당해 화이크해커로 추정,1
트라이엄프엑스 코리아와 체결 기술 비즈니스 접목,1
외신 비트코인 달러 저점 확인 추세 반전 타진 중,1
비탈릭 부테린 이더리움 디파이보다 비금융 유틸리티가 더 중요,1
트위터 비트코인 향후 트위터에서 큰 역할 할 것,1
월 일 코인니스 데일리 선물 차트 분석,1
크립토 공포 탐욕 지수 극단적 공포 지속,1
카루라 스왑 거래쌍 지원,1
매니아 넴 심볼과 전략적 파트너십 체결,1
엘뱅크 상장,1
이스라엘 블록체인 개발사 토큰 스왑 솔루션 출시 예정,1
바이낸스 오늘 상장,1
데이터 연중 랜섬웨어 피해액 억 달러 작년 피해 넘어설 전망,1
이더허브 공동 창업자 의 삼위일체,1
에이프로빗 실시간 주요 암호화폐 시세,1
지난 일간 수익 만 달러 제치고 위,1
코스모스 밴드 프로토콜 통합 블록체인 상호 운용성 제고,1
폴리곤 게임 자회사 억 달러 규모 펀드 조성,1
대규모 이체 억 달러 규모 빗썸 익명,1
선전 지하철 디지털 위안화 앱 통한 승차권 구매 지원,1
기관 전용 유동성풀 구축 예정,1
바이낸스 런치패드 토큰세일 진행,1
브라우저 익스텐션 월렛 출시,1
바이낸스 바이낸스 고려 중,1
오원랩스 미나 재단 로 취임,1
소더비 일 무하마드 알리 컬랙션 경매 진행,1
나이지리아 월 일 시범 사업 착수,1
후오비코리아 월 일 시황 분석,1
코인리스트 이더리움 이글 제네시스 스테이킹 참여,1
분석 달러 강력한 저항선 될 수도,1
빗썸 투자유의종목 지정 해제,1
베이징 정부 주도 블록체인 시스템 체인메이커 도입,1
후오비코리아 비월드 개최 이후 비트코인에 대한 긍정 전망 다시 커져,1
창업자 가능하다면 모든 규제 라이센스 취득할 것,1
가상자산 이용 외국환거래법 위반금액 올 상반기에만 조 천억원,1
카자흐스탄 데이터센터 운영사 에너직스 비트메인 채굴기 호스팅 예정,1
분석 비트코인 네트워크 탈중앙화 가속화,1
세타 일 메인넷 버전 배포,1
아트 거래 플랫폼 크립토아트 만 달러 투자 유치,1
태국 청년 암호화폐 채굴 중 감전사고로 사망,1
코인베이스 나스닥 상장 문제로 집단소송 직면,1
아마존 디지털 통화 및 블록체인 개발 팀 책임자 채용 공고,1
중국서 암호화폐 이용 자금세탁 범죄단체 여개 체포,1
옵션 트레이더 연내 사상 최고가 경신 확률 로 점쳐,1
바이낸스 시 상장,1
댑레이더 게임 플랫폼으로 성장 중,1
노보그라츠 홀더 대상 에어드랍 쏟아질 것,1
애널리스트 업그레이드 가격 상승 기폭제,1
폴로닉스 생태계 프로젝트 개 상장,1
기반 결제 서비스 만 달러 투자 유치,1
서베이 개국 성인 사용하겠다,1
애니모카브랜드 도쿄 레어박스 기브어웨이 진행,1
기관투자자 재무담당자 환경 문제 해결되면 처음으로 투자할 것,1
솔라나 재단 만 달러 규모 크리에이터 펀드 조성,1
유명 힙합 아티스트 버스타 라임즈 보유하고 있다 다음은,1
뉴욕 투자회사 엣지 웰스 그레이스케일 이더리움 신탁 매입 포지션도 늘려,1
외신 다수 악재로 시장서 고전,1
크라켄 시스템 장애 발생,1
저스틴 선 트론 디파이 생태계 강하지만 인지도에선 폴리곤에 밀려,1
월 암호화폐 관련 상품 거래량 감소,1
바이낸스 경쟁상대 아냐 경쟁 대신 협력,1
재무부 트래블 룰 위한 공개 협의 진행,1
에 이어 골드만삭스도 유럽 헤지펀드 대상 암호화폐 서비스 제공,1
사차 지프리 작품 경매 초 만에 낙찰 가장 빨리 팔린 기록,1
설문조사 미국인의 암호화폐 투자 올해 초 투자 시작,1
뉴저지 연기금 지난 분기 채굴 주식에 만 달러 투자,1
캐나다 접경 뉴욕 마을 도시미관 문제로 일간 채굴 금지 명령,1
셀시우스 채굴기업 코어 사이언티픽에 만 달러 투자,1
페이팔 체이널리시스 정책 책임자 영입 암호화폐 규제 담당,1
증시 대 지수 상승 마감,1
그레이스케일 암호화폐 운용 자산 약 억 달러,1
브라질 당국 암호화폐 거래소 돈세탁 수사 만 달러 압류,1
솔라나 재단 스테이킹 풀 출시,1
로커펠라 레코드 공동창업자 만 달러 로 회사 지분 판매,1
리얼비전 포트폴리오 확장 커뮤니티 강한 프로젝트 투자,1
유니스왑 토큰화 주식 파생상품 지원 중단 규제 진화 영향,1
카르다노 웹브라우저 모바일 호환 예정,1
유명 금융사 비트코인 하락할때 사야 만달러 찍고 만달러 전망,1
쿠사마 무허가 자산생성 허가 제안 투표 진행,1
이더리움클래식 마그네토 하드포크 완료,1
뉴욕 주 마세나 일간 신규 암호화폐 사업 유예 계획,1
게임스타터 다오메이커에서 진행,1
솔라나 재단 만 달러 규모 크리에이터 펀드 출범,1
크립토 공포 탐욕 지수 극단적 공포 지속,1
버몬트 주 블록파이 위법 여부 조사 중,1
미국 비트코인 만 대 이상 설치,1
미러 프로토콜 인센티브 풀 유니스왑 스시스왑 제안,1
디시인사이드 알트마이너 갤러리 천안함 유족 대상 기부 진행,1
분석가 잘하면 연내 달러 도달,1
블룸버그 전략가 비트코인 만 달러 회복 가능성 크다,1
메타버스 수백만 달러 투자 유치 폴리곤 등 투자,1
샌티멘트 거래소 보유량 개월래 최저 근접 매도세 약화,1
터키 이르면 월 암호화폐 규제 법안 발의,1
화웨이 블록체인 총괄 블록체인 기술 성장과 확장성 간 충돌 불가피,1
개발자 툴 하드햇 월 일 배포 런던 하드포크 활성화,1
전날 새벽 월말 만기 달러 콜옵션 대규모 주문,1
코인니스 뉴스 제공 시간 안내,1
경제 미디어 아마존 올해 결제 도입 확정 아마존 공식 입장은 아직,1
월 이후 신규 발행 없어 일째,1
달러 회복,1
빚투 한도 배에서 배로 축소,1
검증자 만 돌파,1
마켓플레이스 폴카플레이 일부터 다수 진행,1
상원 일 암호화폐 주제 청문회 진행 예정,1
콜롬비아 암호화폐 통한 현금 입출금 파일럿 테스트 진행,1
엘리멘트 만 달러 규모 에어드랍 진행 예정,1
카르다노 창시자 향후 두달 동안 재밌는 일 일어난다,1
비탈릭 부테린 애니메이션 스토너 캣츠 성우 출연 결정,1
크림파이낸스 리스팅 위원회 등 리스팅 투표 진행,1
달러 일시 회복,1
분석 고래들 월 들어 만 달러 매수,1
지난 시간 약 억 만 달러 규모 포지션 강제 청산,1
이번주 상당 락업 해제,1
메이커 재단 설립자 디파이 혁신 미국이 주도 혁신 막는 것은 악수,1
유럽 진출 암호화폐 기업들 아일랜드로 몰린다,1
냇웨스트 경영진 영국 암호화폐 투자에 적합한 곳 아니다,1
설문조사 싱가포르인 암호화폐 보유,1
바이낸스 텍사스홀덤 셀럽 토너먼트 티켓 경매,1
비트겟 거래소 신규 슬로건 발표,1
전세계 암호화폐 대 돌파,1
톤스타터 오후 시 분 유동성 채굴 론칭,1
에이프로빗 실시간 주요 암호화폐 시세,1
와이즈비트코인 암호화폐 예치 상품 예치 출시,1
호주 블록체인 협회 상원 특별위에 암호화폐 규제 마련 요구,1
데이터 지난 시간 억 달러 규모 암호화폐 숏포지션 청산,1
이더허브 공동 창업자 일 내 이더리움 메인넷에 도입,1
아웃오브스탁 기술로 한정판 스니커즈 정품 골라내,1
기술적 분석 매수 의견 우세,1
후오비코리아 월 일 시황 분석,1
국세청 은닉 가상자산 직접 압류 후 거래소에서 바로 매각,1
캐시 우드 큰 역할 할 것 발언 후 트위터 주식 만 매입,1
바이낸스 유로 파운드화 등 선물 마켓 종료,1
바비 리 중국 당국 채굴 이어 암호화폐 보유 아예 금지할 수도,1
장외 증시 블록체인 테마주 강세,1
지난주 이더리움 기반 거래금액 만 달러 기록,1
플랜비 불마켓 아직 한참 남아 만 달러 고점 아냐,1
바이낸스 년 내 사퇴 계획 새 찾는 중,1
소년이 만든 컬렉션 만 달러에 판매,1
블룸버그 일봉 쌍바닥 형성 만 달러까지 상승 전망,1
비트코인 투자 퇴직계좌 트랜잭션 수 년 간 급증,1
오전 바이낸스 무기한 선물 현물 가격과 달러 이상 괴리,1
비트멕스 모회사 암호화폐 거래 자동화 플랫폼 투자,1
대체투자 큰손 맨그룹 어떤 내재 가치도 없다,1
제미니로 입금,1
태국 최대 상업은행 대표 디파이 완전히 규제될 수 없다,1
이더리움 주소 수익 상태,1
데이터 고래 보유 물량 년 이후 최고 수치 기록,1
바이비트 비트코인 만달러 반등 성공,1
코인데스크 초기 지지선 달러,1
인투더블록 파생상품 시장서 강세 신호 포착,1
억 체인 스왑,1
태국 통신사 다음 비트코인 반감기 전까지 채굴기 만대 설치,1
블룸버그 미 법무부 테더 경영진 조사 착수,1
바누아투 정부 암호화폐 금지령 해제,1
레이어 옵션 프로토콜 리라 만 달러 투자 유치,1
외신 알트코인 랠리 주도,1
분석 머스크 트윗 이후 비트코인 가격 시간 동안 평균 하락,1
법원 기반 스캠 주동자에 징역 년형 선고,1
클리블랜드 캐벌리어스 소시오스닷컴과 파트너십,1
크립토퀀트 시간 동안 거래소 밖으로 출금,1
외신 텍사스 암호화폐 채굴 이상적인 도시 평가,1
사업개발 책임자 는 이더리움 대안 경쟁 상대 아닌 보완,1
코인베이스 프로 상장,1
개리 겐슬러 위원장 공식 트위터 계정 공개,1
암호화폐 강경파 전 뉴저지 법무장관 신규 집행국장으로 선임,1
테더 블룸버그 미 법무부 조사 착수 보도 사실무근,1
댄버 에너지 기업 채굴 위해 억 달러 규모 대출 계획,1
지난 시간 모든 거래소 밖으로 억원 출금,1
달러선 회복,1
달러 일시 회복,1
세계 대 박물관 에르미타주 미술관 세계 대 걸작 경매 추진,1
고위급 경제 안정성 위협,1
단기 하락 달러선 일시 반납,1
외신 아마존 비트코인 결제 도입 부인,1
테슬라 억 달러 규모 보유,1
그레이스케일 암호화폐 운용 자산 약 억 달러,1
코인베이스 비트코인 승인 올해 혹은 내년 시간 문제,1
데이터 암호화폐 투자 상품 펀드 지난 주 연속 자금 유출 발생,1
골드만삭스 에 블록체인 자산 출시 승인 신청,1
슈퍼리치 암호화폐 투자 유행 아닌 기술에 관심,1
캐나다 최대 이커머스 업체 지원 시작 시카고불스 컬렉션 판매,1
여당 오늘 비트코인 등 가상자산 제도화 방안 논의,1
대량 이체 익명 익명,1
비트코인 개 블록에서 억 달러 거래 발생,1
라이트닝 네트워크 노드 수 전월,1
탈중앙화 전자계약 이더사인 만 달러 시드라운드 투자 유치,1
오리진 프로토콜 마켓플레이스 출시,1
입금 컨트랙트 잔액 최근 시간 증가,1
스택스 네이티브 비트코인 스왑 출시,1
월 일 코인니스 데일리 선물 차트 분석,1
아르헨티나 거래소 레몬 만 달러 규모 투자 유치,1
가상화폐 거래소 셧다운 위기 신고기한 유예 법안 발의,1
모네로 익명성 알고리즘 버그 발견,1
후오비코리아 월 일 시황 분석,1
에이프로빗 실시간 주요 암호화폐 시세,1
아크인베스트 산하 전날 코인베이스 주식 주 추가 매입,1
비트렉스 글로벌 일 마켓에 상장,1
데이터 만 보유 고래들 일간 만 매집,1
엘뱅크 상장 완료,1
코인쉐어스 기관 심리 약세 일까지 펀드 자금 지속 유출,1
유니스왑랩스 임원 페이팔 로빈후드 등과 솔루션 개발 중,1
가상자산 업계 의견 청취 나서 불법행위 대책 법안에 담겠다,1
캐피탈 이더리움 하드포크 임박 강세 전망,1
라인 블록체인 계열사 야후 옥션서 거래 기능 출시,1
만 달러 규모 버그바운티 프로그램 진행,1
싱가포르 금융당국 암호화폐 라이선스 심의 최종 단계,1
카자흐스탄 은행 현지 거래소와 암호화폐 거래 관련 파일럿 진행,1
오늘 오전 시간 내 거래소로 약 만 순유입,1
오늘 시 엑시 상장,1
가격 예측 프로모션 진행 총상금,1
위메이드 빗썸 최대주주 비덴트에 억원 추가 투자,1
데이터 이더리움 기반 스테이블코인 유통량 억 달러 돌파,1
블록원 자회사 불리시 거래소 비공개 테스트 시작,1
억 신규 발행,1
크림파이낸스 토크노믹스 커뮤니티 투표 통과,1
저스틴 선 중국 공산당 간부 양성 기관서 연구 프로젝트 참여,1
달러 일시 돌파,1
이어 후오비도 중국 법인 해산 결정,1
소액 송금 분야 진출 리플과 직접 경쟁,1
바이비트 비트코인 콜옵션 증가세,1
비트메인 앤트풀 분사 절차 조만간 마무리,1
비트마트 해커 가짜 매도 방지 위해 뉴욕판사 개입 요청,1
테슬라 개월간 비트코인 매도로 억달러 이익 실현,1
솔라나 기반 세이버 랩스 만 달러 시드 투자 유치,1
스위스 대 은행 고객들 암호화폐에 관심,1
몰타 자선 기금 기부금 미납 바이낸스 고소,1
창업자 거래소 탄소중립 실현,1
파이어블록스 억달러 투자 유치 밸류에이션 억달러,1
마스터카드 암호화폐 기업 지원 새 프로그램 발표,1
미 비트코인 채굴기업 스트롱홀드 디지털 마이닝 나스닥 상장 추진,1
갤럭시 디지털 만 달러 규모 벤처 펀드 출시,1
외신 러시아 에 사이버 범죄 암호화폐 불법 사용 관련 규정 초안 제출,1
이탈리아 축구클럽 로마 블록체인 업체와 만 달러 파트너십 체결,1
블룸버그 전략가 비트코인 금 미국 국채 하반기 상승폭 최대 전망,1
게임 스플린터랜드 프라이빗 토큰 세일로 만 달러 조달,1
펜실베니아 주 의회 암호화폐 관련 출범 법안 발의,1
게이밍 길드 분만에 완판,1
암호화폐 캐시백 앱 스톰 만 달러 투자 유치,1
미 상원의원 금융안정감시위원회 암호화폐 문제 해결해야,1
나이지리아 월 출시 계획,1
암호화폐 핀테크 기업 에코 만 달러 자금조달 진행,1
바이낸스 세계 각지에 본사 설립 희망,1
인도 대형 은행 곳 블록체인 스타트업 지분 인수,-1
러 최대 이동통신사 블록체인 무역 금융 플랫폼에 만 달러 투자,-1
크림파이낸스 담보 자산으로 등 종 추가 지원,-1
바이낸스 기본 인증만 완료 사용자 대상 일최대 출금 로 제한,-1
상원의원 옐런 재무장관에 디파이 및 스테이블코인 규제 촉구,-1
대시 소매 결제 전용 앱 대시다이렉트 출시,-1
지지자 결제 시 부동산 할인,-1
로빈후드 암호화폐 변동성 관련 투자자 보호 기능 개발 중,-1
룩소르 채굴 난이도 상승 전환 년 내 단속 전 수준으로 회복 전망,-1
기반 월렛 발로라 만 달러 시리즈 투자 유치,-1
브라질 버거킹 반려견 간식 도지코인 결제 지원,-1
월가 베테랑 투자자 가격 규제 확대로 다시 하락할 것,-1
로빈후드 파이낸셜 등록 안해 조사 예정,-1
에스토니아 중앙은행 디지털 유로 연구 실험 진행,-1
분석 비트코인 거래량 동반 반등 건강한 회복 신호,-1
대규모 이체 억 만 달러 규모 익명 코인베이스,-1
비트코인 개월 만에 역 김치프리미엄 발생,-1
상원 암호화폐 금융 시스템 한계 극복할지 의문,-1
인도 와지르 내달 출시 예정,-1
월 일 코인니스 데일리 선물 차트 분석,-1
비탈릭 부테린 출연 스토너 캣츠 분 만에 만개 완판,-1
달러선 회복,-1
지난 일간 수익 억 만 달러 디파이 위,-1
민형배 여당 의원 디지털자산법 발의,-1
공정위 주요 가상자산거래소 이용 약관 심사 개 불공정약관 시정 권고,-1
일 메인넷 출시,-1
엘뱅크 상장,-1
비자 분기 온라인 소비 동기대비 암호화폐 붐 영향,-1
개 암호화폐 거래소 집금계좌 개 중 개가 위장계좌,-1
후오비코리아 월 일 시황 분석,-1
애널리스트 비트코인 주요 가격 넘으면 랠리 준비 완료,-1
플랫폼 파스텔 만 달러 시드투자 유치,-1
럭독아이오 폴리일드 파이낸스 해킹 공격 당해,-1
에이프로빗 실시간 주요 암호화폐 시세,-1
이더리움 거래량 증가 속도 처음 비트코인 추월,-1
미국 변호사 다른 암호화폐와 가격 동조화 증권 아냐,-1
코카콜라 첫 경매 진행,-1
비트코인 도미넌스 육박 월 초 이래 최대,-1
호라이즌 키네틱스 통화 가치 하락 대비 위해 암호화폐 투자해야,-1
이퀄리브리엄 렛저 디바이스 지원 시작,-1
리플 일본서 결제 채널 오픈,-1
리플 상원 은행위 암호화폐 청문회 긍정적으로 평가,-1
코인메트릭스 체인링크 가격 피드에 기관급 데이터 제공,-1
이란 국영 전력회사 채굴 장비 대거 유입될수도 강력한 통제 필요,-1
트루체인 랩스 런칭 블록체인 게임 및 프로젝트 발굴 지원예정,-1
디비전 네트워크 엔진과 파트너십 체결,-1
한은 카카오 그라운드 와 모의실험 계약 체결,-1
레이어 크로스체인 링크 개 블록체인 기반 테스트넷 출시,-1
엘뱅크 상장,-1
분석 게임 크립토블레이드 네트워크 혼잡 원인일 수도,-1
네오 오는 월 메인넷 출시 예정,-1
쿠사마 폴카닷 생태계 첫 스테이블코인 출시 예정,-1
모넥스 그룹 암호화폐 거래서 억엔 이익 발생,-1
와이언파이낸스 볼트 마이그레이션 요청,-1
비탈릭 기부 코로나 구제기금 억달러 현금화 까다로워,-1
러시아인 디지털 루블화로 급여 받겠다,-1
분석 축적 뚜렷한 증가 잠재적 강세 요인,-1
비자 월부터 암호화폐 구매 위축,-1
지난 시간 모든 거래소 밖으로 조원 규모 출금,-1
바이비트 비트코인 활성화 주소 증가,-1
일 스테이킹 서비스 출시,-1
크립토닷컴 메인넷 호환 체인 크로노스 체인링크와 통합,-1
비트 마이닝 비트코인 채굴기 대 구매 계약 체결,-1
상원 암호화폐 청문회 민간 참가자 주요 발언,-1
코인베이스 바이낸스 이체,-1
코인베이스로 이체,-1
만 달러 반납,-1
법대 교수 미 상원 청문회서 암호화폐 채굴 규제 촉구,-1
비트코인 리워드 기업 롤리 만달러 시리즈 투자 유치,-1
블록체인 인프라 업체 바이코노미 만 달러 조달,-1
비트코인 유통량 년간 미이동,-1
미 상원의원 디지털 화폐 은행계좌 없는 이들에게 도움,-1
아베고치 만개 신규 캐릭터 출시 예정,-1
제네시스 디지털 애셋 억달러 조달 미국 북유럽 채굴사업 확장,-1
전날 명 낙찰 에 대해 공식 사과,-1
룩소르 암호화폐 채굴주 지수 출시,-1
암호화폐 부정적 그룹 암호화폐 청산 및 결제 서비스 테스트 진행중,-1
상장,-1
유명 자산운용사 선물 기반 출시 예정,1
삼성 넥스트 암호화폐 거래소 인프라 제공업체 투자,1
유명 분석가 여름 랠리 후 약세 뒤따르는 경향 반복,1
재무부 시리아 무장단체 모금 의혹 월렛 제재,1
주요 투자 은행 정례회의 주요 정책 변경 없을 것 테이퍼링 언급 전망,1
연준 기준 금리 유지,1
연준 미국 경제 양적완화 축소 목표로 향하는 전진 이뤄,1
이스라엘 재무부 만 달러 이상 암호화폐 보유시 신고 법안 발표,1
국채 년물 금리 로 상승세,1
앵커리지 디지털 연방보안국 압류 암호화폐 관리 예정,1
비트마이닝 카자흐스탄에 비트코인 채굴기 대 추가 배치 예정,1
증시 혼조 마감 블록체인 테마주 강세,1
그레이스케일 암호화폐 운용 자산 약 억 달러,1
인프라 법안 발의 거래소 등 억 달러 과세 계획,1
뉴저지 증권국 블록파이 개설 중단 발효일자 월 일로 연기,1
스토너 캣츠 낮은 가스리밋 설정한 사용자 손실액 넘어,1
외신 로빈후드 암호화폐 부문 유니스왑과 미팅 가졌다,1
일론 머스크 테슬라 비트코인 약 억 달러 규모 보유,1
가나 부통령 아프리카 디지털 통화 받아들여야,1
카카오톡 통해 판매된 예술작품 분 만에 완판 억원 몰렸다,1
가상화폐 신규 투자자 월 만 월 만명 급감,1
소식통 로빈후드 공모가 달러 억달러 밸류,1
빗썸 입출금 일시 중단,1
페이팔 암호화폐 기능 지원 월렛 출시 예정,1
카바 산하 디파이 프로젝트 카바스왑 테스트넷 가동 시작,1
소식통 인도 거래소 최대 억달러 펀딩 라운드 논의,1
상원의원 정부 지출 증가 암호화폐 채택 가속화,1
호주 증권투자위원회 위원장 규제되지 않은 암호화폐 거래 경고,1
노보그라츠 이번 상승 기관 투자자 매수가 주도,1
토르체인 이뮨파이서 버그 바운티 실시 최고 보상금 만달러,1
케이스타라이브 월 콘텐츠 출품 예정,1
바이낸스 상장,1
클레이튼 월 일 거래 수수료 위임 정책 종료,1
국가 간 원천과세 문제 해결 블록체인 솔루션 택스그리드 구축,1
스티브 잡스 자필 입사 지원서 만 달러에 낙찰,1
유니스왑 창시자 등 새 마켓 메이킹 시스템 구축 추진,1
캘리포니아 에스크로 회사 첫 비트코인 담보 부동산 재융자,1
현금보다 효과적 스테이블코인 필요성 감소할 수도,1
암호화폐 자산관리 툴 블록폴리오 로 명칭 변경,1
블록체인 스타트업 컨센시스 고소 취하,1
마이애미 시장 마이애미코인 시 발전에 사용,1
하원의원 암호화폐 업계 규제 기관과 소통 부족,1
에이프로빗 실시간 주요 암호화폐 시세,1
마켓에 상장,1
카자흐스탄 월 비트코인 해시레이트 점유율 세계 위,1
메타버스 플랫폼 디비전 디비전 월드에서 루니버스 파트너스 데이 오픈,1
빗썸 상장폐지 투자유의종목 지정 연장,1
리플넷 총괄 리플 오래 전부터 중앙은행들과 소통 중,1
비트코인 채굴수익 일간 급증,1
바이낸스랩스 프로덕션 회사 전략투자,1
트론 네트워크 일일 온체인 트랜잭션 수 역대 최고 수치 경신,1
엘뱅크 트레이딩 대회 진행,1
부산시 가상자산 거래소 본격 추진,1
애널리스트 월 초 달러선 반납 가능성,1
암호화폐 사업 세전이익 전년 동기비,1
스포츠 카드 마켓 만달러 시리즈 투자 유치,1
리서치 파월 인플레이션 상승 전망 시장에 호재 작용,1
비트코인 급등하자 대 거래소 거래대금 하루 조원,1
유럽 암호화폐 억달러 조달 유럽투자기금 투자 참여,1
나스닥 상장 암호화폐 거래소 디지넥스 피치 주도 만 달러 투자 유치,1
일 거래소 유출량 개 올들어 최대,1
외신 만 여개 만 달러 콜옵션 등장,1
미국 싱크탱크 미 일 디지털 무역 협정 암호화폐 포함해야,1
싱가포르 대출 플랫폼 볼드 만 달러 시리즈 투자 유치,1
비디오 스트리밍 플랫폼 라이브피어 만 달러 시리즈 투자 유치,1
분석 라리블 일일 거래량 감소 오픈씨는 오히려 증가,1
전세계 암호화폐 이용자 월말 기준 억명 반년새 배 증가,1
러시아 암호화폐 상속 위한 서비스 개발 중,1
비트코인 해시레이트 두달간 상승세 채굴자 활동 재개 영향,1
팍소스 억 달러 시리즈 투자 유치 코인베이스 벤처스 등 참여,1
스테이트스트리트은행 사모펀드 대상 암호화폐 관련 서비스 제공 예정,1
국채 년물 수익률,1
외신 페이팔 이르면 내달 영국서 암호화폐 서비스 출시할수도,1
뉴욕멜론은행 총괄 연내 승인 가능성,1
개 프로젝트 선정,1
알케미 만 달러 자금 조달 억만장자 마크 큐반 등 참여,1
암호화폐 유튜버 달러 상당 채굴기 제작 영상 게재,1
겜블러 출신 모인 투자회사 디파이 투자 위해 억 달러 펀드 조성,1
미국 채굴기 제조사 컴패스 마이닝 개인퇴직계좌 통해 채굴자 과세 유예,1
총재 비트코인 화폐로 취급할 수 없다,1
트론 일 일일 트랜잭션 건 기록 역대 최대,1
나스닥 트위터 로빈후드 나스닥 상장,-1
분석 올해 들어 암호화폐 이용자 억명 증가 총 억 만명 추산,-1
아발란체 크로스 체인 브릿지 솔루션 출시,-1
컨센시스 조 루빈 퍼블릭 메인넷 기업 간의 융합 어느 때보다 긴밀,-1
알리안츠 수석 경제고문 서양국가 암호화폐 개방 않으면 중국에,-1
월렛 요로이 디앱 플랫폼 추가 예정,-1
아크인베스트 주 매각,-1
핀란드 정부 만 달러 규모 압류 경매 예정,-1
지난 시간 모든 거래소 밖으로 억 원 규모 출금,-1
하원의원 다수 규제 기관 아우르는 암호화폐 취급 법안 발의,-1
확장성 프로젝트 스케일 여름 내 개 프로젝트 출시 예정,-1
모네로 개발팀 개인정보 유출 관련 버그 발견,-1
중국은행 총재 디파이 관심과 규제 필요 글로벌 우위 점해야,-1
대규모 이체 크라켄 익명,-1
일 억 달러 규모 옵션 만기 도래,-1
거래소 등 억 달러 과세 계획에 업계 투자자 의문 제기,-1
마이크로스트래티지 매입에 자본 지속 투입할 것,-1
로빈후드 나스닥 상장 첫날 대 하락 마감,-1
빗썸 매도 오류로 코인 시세의 수준에 팔려 투자자 소송,-1
콜롬비아 은행 방코데 보고타 특정 암호화폐 거래소로의 입출금 허용 예정,-1
리플 거래량 전분기 대비 증가,-1
크림파이낸스 부스티드 세이빙 상품 출시 예정,-1
조던 벨포트 규제는 호재 연내 상승할 것,-1
애니모카브랜드 인디 게임 개발사 블로우피시 스튜디오 인수,-1
신세틱스 옵티미스틱 이더리움 상에서 합성자산 거래지원,-1
텐더리 만달러 시리즈 투자 유치,-1
포춘 암호화폐로 돈 번 투자자들 이제는 블록체인 프로젝트에 투자,-1
블록체인닷컴 상장,-1
로보어드바이저 웰스프런트 투자 지원 시작,-1
블룸버그 런던 업그레이드 이더리움 상승 견인 전망,-1
페이코인으로 싸이월드 도토리 산다,-1
피그먼트 더그래프 개발팀 합류 만 개발비 획득,-1
호라이즌 블록체인 게임즈 만달러 프리 시리즈 투자 유치,-1
커버 프로토콜 마켓메이커 보상 산정 오류 다음주 배 보상 지급,-1
한류뱅크 자체 메인넷 팬덤체인 월 런칭 대열에 합류,-1
미 온라인 전자제품 쇼핑몰 뉴에그 결제 지원,-1
바이낸스 월 초 리브랜딩 및 리디노미네이션 진행,-1
아일랜드 중앙은행 총재 금융 안정 소비자 보호 측면 암호화폐 리스크 증대,-1
비트코인 채굴 난이도 일 후 상승 전망,-1
대형 음원 플랫폼 텐센트뮤직 사업 추진,-1
판매 경매 사업자도 특금법 신고 대상 가능성,-1
코카콜라 오픈씨 경매 시작 현재 입찰가,-1
오늘 상장 홀드 및 트레이딩 대회 진행,-1
바이낸스로 입금,-1
케이스타라이브 솔라나 기반 플랫폼 메타플렉스에서 마켓플레이스 론칭 예정,-1
에이프로빗 실시간 주요 암호화폐 시세,-1
피터 브랜트 개월간 비트코인 만 달러 돌파 수차례 실패,-1
갤러리 오픈 현대미술관 공개,-1
핀센 디지털 통화 고문 암호화폐 결제 및 가치 이전의 수단,-1
일 일일 수익 만 달러 돌파,-1
아고브 일 하이엔드 명품 기반 첫 프리세일 진행,-1
러쉬코인 재단 페이먼트 서비스 러쉬멤버스 공식 홈페이지 론칭,-1
지난 년간 거래소에 상장된 암호화폐 개 가 상장폐지,-1
부동산 거래 지불 토큰 다이너스티지 프로비트 상장,-1
비트코인 활성 주소 수 일주일새 증가,-1
독일 기관 펀드 다음 주부터 암호화폐에 최대 할당 가능,-1
기반 및 디파이 프로토콜 제이스왑 런칭,-1
크로스체인 암호화폐 시냅스 네트워크 만 달러 자금 조달,-1
바이낸스 오늘 상장,-1
핫빗코리아 매수 프로모션 진행,-1
크립토닷컴 트레이딩 레이스 이벤트 진행 중,-1
호주 암호화폐 담보대출 플랫폼 로다 만 달러 투자 유치,-1
코인 거래소 줄폐업 시작 비트소닉 중단 종료,-1
커브 파이낸스 유로 페깅 테더 지원 예정,-1
제미니로 입금,-1
달러 반납,-1
크립토펑크 호 입찰가 만달러 돌파,-1
후오비글로벌 상장,-1
말레이시아 증권거래위원회 바이낸스 불법 운영 법적 조치,-1
바이낸스 독일 이탈리아 네덜란드 사용자 대상 파생상품 제공 중단 예고,-1
전날 수수료 수익 만 달러 월 일 이래 최고치,-1
엘뱅크 오늘 시 마켓에 상장,-1
마스터카드 반드시 암호화폐 산업 내 머물러 있어야,-1
인도 당국 도박 앱 돈세탁에 바이낸스 연루 여부 조사,-1
대 강세 롤라팔루자 뮤직페스티벌 스폰서십 영향,-1
바이비트 비트코인 만 달러 구간 고군분투,-1
플랫폼 테라버츄어 오늘 시 유동성 채굴풀 출시,-1
엘뱅크 상장,-1
폴리곤 락업자산가치 억 달러,-1
외신 비트코인 억 달러 규모 옵션 만기 결산 후 단기 하락,-1
외신 파생상품 트레이더 외국 플랫폼 통해 규제 회피,-1
외신 고래 매수세 지속 일평균 대규모 이체 건수 증가,-1
암호화폐 부문 총괄 기관 투자자 및 고래가 상승 주도,-1
바이낸스 인도 당국 소환 사실무근 말레이시아 운영도 안해,-1
피터 브랜트 일봉상 헤드앤숄더 패턴 진행 중 급락 가능성,-1
바벨 파이낸스 신임 영입 억 달러 규모 암호화폐 자산 관리 감독,-1
우크라이나 정부 중앙은행에 발행 권한 정식 부여,-1
나스닥 상장사 파일코인 채굴업체 만 달러에 인수,-1
자산운용사 웰스프론트 고객 투자 옵션에 추가,-1
변호사 리플 소송 합의 가능성 낮다,-1
급등,-1
트위터 인프라법 브로커 정의 법정화폐 암호화폐 환전 거래소로 단순화 해야,-1
커뮤니티 모든 상원 의원 연락처 제공 대시보드 공개,-1
인프라법 워너 시네마 개정안 과세 제외에 검증자 추가,-1
크루즈 상원의원 암호화폐 미래 위한 싸움서 지고 있다 와이든 개정안 지지 촉구,-1
한국은행 암호자산 투자 투기 수단으로 관심 지속될 것,-1
브라질 자산운용사 친환경 비트코인 출시,-1
해킹 피해 듀엣 프로토콜 해커에 자금 반환 요구,-1
달러 반납,-1
은행 자회사 아일랜드 기관 투자자 대상 암호화폐 커스터디 제공,-1
도지 테마 핫도그 만 달러에 경매 낙찰,-1
외신 몬조 등 영국 은행 제미니 결제 금지,-1
페멕스 한국어 공식 유튜브 개설 기념 프로모션 진행,-1
메시 이적 소식에 파리 생제르맹 코인 급등,-1
스페이스 프로거스 판매 기간 이더리움 가스비 급등,-1
스시스왑 규제 준수 위해 자금조달 제안 진행 중단,-1
인니 거래소 핀투 만달러 연장 시리즈 투자 유치,-1
서클 미 에 합병상장 신청서 제출,-1
미 상원의원 루미스 내일 회의 개최 인프라 법안 개정안 통과 위해 노력,-1
알케미 페이 암호화폐 결제 가상카드 출시 예정,-1
지난주 이더리움 기반 거래금액 억 만 달러 기록,-1
에이프로빗 실시간 주요 종목 시세,-1
크루즈 상원의원 인프라법 개정안 통과 안 될 수도,-1
디파인 소셜 프로필 시스템 출시,-1
제이스왑 억원 돌파,-1
브라질 법원 압류한 만달러 비트코인 매각 명령 거래소 통해 처분,-1
오늘 시 상에서 유동성 채굴 시작,-1
데이터 상당수 고래 장기 홀더 보유 계속,-1
암호화폐로 우주에 광고 띄운다 향후 도지코인도 지원,-1
아르고 블록체인 상반기 매출 전년 대비 증가,-1
분석 비트코인 골든크로스 발생해도 큰폭 상승 어려울 것,-1
지난 시간 억 달러 암호화폐 선물 청산,-1
광복절 앞두고 코빗에 일본 전범기 올라와,-1
코인베이스 벤처스 올 상반기 건 투자,-1
엘뱅크 상장,-1
바이낸스 티엔씨재단 협업 유명 작가 아트 경매,-1
노보그라츠 미 정부 암호화폐 커뮤니티 의식 인프라법 이슈 타격 적어,-1
와이즈비트코인 입금 보너스 최대 달러로 상향,-1
데이터 입금 컨트랙트 잔액 억 달러 규모 돌파,-1
호주 블록체인 협회 호주 정부 암호화폐 산업 무법지대 취급 규제 뒤쳐져,-1
단기 상승 달러선 회복,-1
데이터 보유 주소 이상 수익내고 있다,-1
이스라엘 정보기관 모사드 암호화폐 전문가 채용 진행,-1
분석 소각 메커니즘 인플레이션율 하락 전망,-1
바이낸스 레버리지 토큰 액면 병합,-1
네오 얼리 버드 마이그레이션 진행 마이그레이션 지원,-1
이더리움 네트워크 약 소각 완료,-1
대규모 이체 약 억 원 규모 익명 익명,-1
분석 이번주 강세 지속 전망 주요 저항은 만 달러선,-1
상승폭 확대 달러선 일시 회복,-1
법조계 암호화폐 사기피해 구제단체 출범,-1
테더 스테이블코인 준비 자산 중 현금 비중 기업어음이,-1
맥스 카이저 블랙스완 저자 비트코인 잘못 이해하고 있다,-1
폴로닉스 에 미등록 거래소 운영 벌금 만 달러 지급 합의,-1
발행사 서클 전국구 암호화폐 은행으로 거듭날 것,-1
워렌 의원 워너 시네마 포트만 개정안 지지 올바른 접근법,-1
증시 비트코인 채굴주 일제 상승세,-1
솔라나 크로스체인 양방향 브릿지 웜홀 버전 출시,-1
도이치텔레콤 코인베이스 커스터디로 토큰 보관,-1
톤스타터 런칭 기념 에어드랍 진행 총 규모,-1
론 와이든 개정안 합의 위해 노력 초안보다는 나아,1
상원 초당적 암호화폐 과세안 합의 도달 개발자 노드 운영자 등 제외,1
암호화폐 펀드 주 연속 순유출 규모는 증가,1
옐런 재무장관 인프라법 개정안 암호화폐 탈세 방지 진전 기대,1
코인베이스 자본시장 책임자 개월 만에 사임,1
리플 사내 메신저 대화 기록 요구,1
펀드스트랫 창업자 일 이평선 돌파 투자 사기 리스크도,1
그레이스케일 암호화폐 운용 자산 약 억 달러,1
미국 최대 영화관 체인 연내 결제 지원 계획,1
애널리스트 이더리움 비트코인에 비해 저평가,1
국내 암호화폐 거래소 은행 수수료 전분기 대비 배,1
상원 인프라법 암호화폐 과세 초당적 수정안 채택 불발,1
디지털 자산 거래소 블록트레이드 만 달러 투자 유치,1
인도 최초 암호화폐 유니콘 탄생 천만달러 투자유치,1
두나무 상장폐지 피카 프로젝트 가처분 신청 법원서 기각,1
캐피털 공식 출범 블록체인 투자 생태계 혁신 추진,1
한은 삼성전자 갤럭시워치에 디지털화폐 도입,1
분석 기관 투자자 인프라법 도입에 낙관적,1
후오비코리아 이더리움 비트코인 대비 높은 가격 방어력,1
바이낸스 이노베이션존 상장,1
크립토 공포 탐욕 지수 탐욕 지속,1
스타 아틀라스 및 레이디움서 토큰 세일 진행,1
월 암호화폐 거래소 방문횟수 월 대비 감소,1
플라이빗 오입금 복구 처리율,1
블루라인 캐피털 대표 코인베이스 주가 최대 전망,1
상원의원 루미스 인프라법 개정 위해 끝까지 노력할 것,1
캐나다 그래프 블록체인 분석업체 인수 추진,1
엘뱅크 상장,1
베네수엘라 카라보보 지역 당국 암호화폐 채굴업체 전력 공급 중단,1
스페인 대형 은행 앤트체인 플랫폼에 크로스보더 결제 융자 서비스 통합,1
일본 금융청장 암호화폐 규제 완화까지 더 기다려야,1
와이즈비트코인 상장,1
비트다오 미소서 토큰세일,1
애완 돌 이더락 가격 급등세 만달러에 판매,1
엘뱅크 상장,1
디파이 애그리게이터 인스타댑 억달러 돌파,1
에이프로빗 실시간 주요 종목 시세,1
분석 비트코인 채굴자 이탈 단계 끝났다,1
우 블록체인 펜케이크스왑 운영진 교체,1
크립토 맘 폴로닉스 벌금 부과 불명확한 규제 탓,1
암호화폐 자산관리 플랫폼 머드렉스 만 달러 시드 투자 유치,1
바이낸스 웹사이트서 한국어 삭제,1
거래소 보유량 년래 최저 규모,1
비트스탬프 작년 세전이익,1
메티스에듀 일 오전 시 비트렉스 상장,1
상장,1
자메이카 중앙은행 발행 시연,1
분석 비트코인 주요 저항선 돌파 기관 수요 증가 영향,1
디파이세이프티 만달러 시드 투자유치,1
지난 시간 억 달러 암호화폐 선물 청산,1
수주 내 이더리움 레이어 솔루션 옵티미즘서 론칭,1
비트멕스 이탈리아 축구 구단 밀란과 파트너십 체결,1
자본시장연구원 코로나 이후 안전자산 금보다는 테더,1
카르다노 창시자 이더리움 년 말 년 초 정점 도달,1
암호화폐 시총 월 이후 처음으로 조달러 회복,1
외신 만 달러 이상 대규모 이체 총 이체 가치 중,1
분석 일봉 상 골든크로스까지 일 남았다,1
제 차 바이백 및 소각 완료,1
데이터 중앙화 거래소 보유 최근 년 최저치 기록,1
대규모 이체 약 억원 규모 익명 익명,1
우간다 블록체인협회 이사 당국 규제 프레임 구축 움직임 적극 지지,1
데이터 무기한 선물 미결제 약정 억 달러 돌파,1
데이터 주간 거래량 액시 인피니티 위,1
트랭글로 싱가포르 금융당국 서비스 운영 승인 획득,1
체이널리시스 자체 분석 보고서에 분석 추가,1
트위터 컬렉션 오픈씨 내 거래량 만 달러 돌파,1
스왑 내 크로스체인 거래 기능 이상 문제 발생,1
반에크 에 신규 비트코인 전략 승인 신청,1
제미니 디파이 플랫폼 게서 인수,1
스왑 개 주소로 총 억 달러 규모 자산 유출,1
폴리네트워크 억 달러 해킹 피해 발생 역대 최대 디파이 해킹,1
외신 올해 월까지 디파이범죄 피해 금액 억 달러 역대 최고 수준,1
업비트 일 시 예정 서버 점검 일정 연기,1
암호화폐 월렛 업체 리퀄리티 만 달러 시드 투자 유치,1
테더 폴리네트워크 해킹 유출 동결 완료,1
터키 유명 스포츠 클럽 페네르바체 이더리움 기반 팬토큰 발행,1
크립토퀀트 거래소 고래 비율 돌파 하방압력 주의해야,1
폴리네트워크 해커 주소 커브 일립시스로 약 억 달러 이체,1
애니모카브랜드 일 레이싱 알파 론칭 레이싱 대회 개최,1
트론 재단 게임파이 프로젝트 투자 억 달러 펀드 조성,-1
페이팔 산하 모바일 결제 서비스 벤모 암호화폐 캐시백 출시,-1
나스닥 상장 채굴기업 조지아주 채굴 인프라 시설 매입,-1
상원 인프라법 찬성표 통과 기준 넘어서,-1
남아공 국세청 암호화폐 과세 규정 강화 최대 과세,-1
상원 인프라법 통과 하원으로,-1
코인베이스 프로 상장,-1
헬륨 주도 하에 억 달러 투자 유치,-1
암호화폐 거래 플랫폼 팔콘엑스 억 달러 시리즈 투자 유치,-1
비트멕스 핀센 민사소송 합의 억 달러 벌금,-1
코인베이스 실적 호조 전망치 상회,-1
그레이스케일 암호화폐 운용 자산 약 억 달러,-1
코인베이스 은행과 파트너십 체결 암호화폐 관련 프로젝트 진행,-1
분석 암호화폐 거래 중심 아시아에서 미국 및 유럽으로 이동,-1
코인베이스 헤지펀드 중 곳이 코인베이스 고객,-1
크라켄 인프라법 완전히 재앙이다,-1
마크 큐반 인프라법 성장엔진 제거하는 것,-1
외신 암호화폐 선물 거래소 시장 점유율 위,-1
부산은행 세종텔레콤 블록체인 기반 디지털 수익증권 계좌관리 서비스 협약,-1
가상자산 법제화 및 개선방안 국회 토론회 디비전 메타버스에서 생중계,-1
두카토 일 간 최대 천만원 규모 이벤트 개최,-1
유명 진행자 암호화폐 더 많은 규제 필요,-1
빗썸 상장 대가로 억 만원 받았다,-1
빗썸 투자유의종목 신규 지정,-1
북미 소재 채굴 업체 곳 월 채굴량 전달 대비,-1
나스닥 상장 자동차보험사 상반기 만 달러 상당 매입,-1
월 일 코인니스 데일리 선물 차트 분석,-1
블록체인 스타트업 심바체인 만 달러 규모 시리즈 투자 유치,-1
비욘드파이낸스 메인넷 출시,-1
테조스 아태지역 테조스 생태계 전략적 육성 개발자 지원 프로그램 출범,-1
엘뱅크 일 시 마켓에 상장,-1
소각량 급증 개 디플레셔너리 블록 생성,-1
친암호화폐 정치인 앤드류 양 암호화폐 기본소득으로 가는 길 중 하나,-1
송금 서비스 업체 리플 활용 한국 태국 송금 지원,-1
폴리네트워크 해커 도난 자금 반환 예정,-1
데이터 유니스왑 프로토콜 누적 수익 억 달러 돌파,-1
법원 버그 활용 취득 사용자 소유권 주장 가능,-1
디파인 게이트아이오 거래소에 상장,-1
폴리네트워크 해킹으로 탈취된 자금 반환 주소 공개,-1
카르다노 창시자 이번주 금요일 스마트 컨트랙트 출시일 공개,-1
액시 인피니티 시가총액 억 달러 돌파,-1
단기 상승 달러선 일시 회복,-1
대회홍보 책임자로 억만장자 사업가 케빈 오리어리 영입,-1
시가총액 억 달러 돌파,-1
크립토닷컴 엑시 인피니티의 엑시 증정 프로모션 진행 중,-1
상원의원 리처드 셸비 인프라법 암호화폐 조항 개정안 지지 입장선회,-1
크립토 공포 탐욕 지수 탐욕 단계 지속,-1
빗썸 마켓에 상장,-1
후오비 월렛 포튜브 폴리곤 버전 지원,-1
코인베이스 암호화폐 결제 리테일 분야로 확장 노력,-1
맵 프로토콜 로드맵 업데이트 솔루션 목표,-1
분석 개발 활성화 토큰 가격 상승에 영향,-1
와이즈비트코인 내일 시 아로와나 마켓에 상장,-1
폴리네트워크 해커 만 반환,-1
블록체인 보안 솔루션 기업 만달러 프리 시리즈 투자유치,-1
커브 억달러 돌파,-1
코인베이스 소개란에서 달러 예금 기반 내용 삭제,-1
페멕스 여름맞이 돈캉스 입금 프로모션 진행,-1
분석 기관 년 말 때처럼 비트코인 매집 중,-1
오픈씨 시간 거래량 크립토펑크 추월,-1
리튬 파이낸스 해시드 위즈덤 노드로 합류,-1
쿠도스 유통량 온체인 스테이킹 중,-1
분석 단기 과매수로 전고점 회복 지연 저항선 만 만 달러,-1
바이낸스 이어 도 웹사이트서 한국어 지원 중단,-1
빗썸 상장피 요구하거나 받지 않는다,-1
리플 전 주간 만 현금화,-1
디파이 프로젝트 니어패드 만달러 시드 투자 유치,-1
스텔라 블록체인 기반 태국 송금 채널 오픈,-1
슬로우미스트 폴리네트워크 해커 이용,-1
미 위원장 의회에 암호화폐 규제 위한 더 많은 권한 요구,-1
대 상승 코인베이스 프로 상장 영향,-1
최대 모바일 결제앱 약관 변경 일 보유 이후 전송 가능,-1
분석 도입에도 이더리움 채굴자 수익 여전히 높아,-1
가나 독일 기업과 파일럿 진행,-1
크립토퀀트 투자자 유입 많아 급등 후 폭락 가능성,-1
이더리움 스케일링 솔루션 옵티미즘 적용,-1
이체 바이낸스 자포,-1
그레이스케일 금융사 컨퍼런스서 기관 디지털 통화 활용법 강연 예정,-1
액시 인피니티 플레이 보상 증가 및 브리딩 비용 감소,-1
뉴욕 자산운용사 누버거버먼 펀드 통한 선물투자 제공,-1
퀀텀이코노믹스 이젠 이더리움이 시장 방향성 결정,-1
코인베이스 주가 대 어닝 서프라이즈 영향,-1
메티스 로드맵 공개 월초 퍼블릭 테스트넷 출시,-1
비자 여개 디지털자산 사업자와 제휴 중,-1
미 와이오밍주서 번째 암호화폐 은행 탄생 영업허가는 아직,-1
메이저 보험사 기관투자자 펀드투자 제공,-1
폴리네트워크 해커 약 만달러 규모 암호화폐 반환,-1
코인베이스 이더리움 거래량 비트코인 추월 이유 분석,-1
피치 독일 기관 펀드 암호화폐 투자 허용 유동성 위기 초래할 수도,-1
암호화폐 시가총액 조달러 회복,-1
폴리네트워크 해커 억달러 규모 암호화폐 반환,-1
윌리 우 네트워크 이용자 증가세 일 기준 만 명 유입,1
바르샤바 증권거래소 폴란드 유로존 가입과 출시 중 양자택일 해야,1
플리네트워크 해커 공개 공격 이유 재미,1
타이탄 미국 투자자 대상 암호화폐 포트폴리오 전문 관리 서비스 출시,1
피터 브랜트 과도한 가격 변동 중요하지 않아,1
퀀텀이코노믹스 창업자 대다수 혁신 에서 발생,1
코인베이스 프로 상장,1
증시 대 지수 혼조 마감,1
상승폭 확대 달러선 돌파,1
그레이스케일 암호화폐 운용 자산 약 억 달러,1
정부 과세 방안 검토 착수 올해 중 최종 확정,1
발키리 에 선물 승인 신청,1
디엠네트워크 미 규정준수 전문 업체 인테그리티 와 파트너십,1
솔라나 기반 망고마켓 토큰 세일로 만 달러 조달,1
골드만삭스 년 말부터 거래소 코인 인기,1
법원 알케미코인 전 에 사기 대출금 사취죄 년형 선고,1
폴리네트워크 해커 억 달러 반환 완료,1
크립토 공포 탐욕 지수 탐욕 단계 지속,1
리서치 토큰화 부동산 시장 년 내 크게 발전할 것,1
보어드 에이프 켄넬 클럽 에 판매,1
상장 및 에어드랍 프로모션,1
우 블록체인 메타버스 프로젝트 무어 먹튀 의혹 제기,1
대규모 이체 만 달러 규모 코인베이스 익명,1
빗썸 오늘 오후 상장 예고,1
이더리움 네트워크 만 이상 소각,1
후오비코리아 골든벨 퀴즈 프로모션 진행,1
아르헨 의원 정부에 암호화폐 채굴 사회문제 답변 촉구,1
올해 인도 암호화폐 투자액 전년 대비 배 증가,1
플라이빗 블록체인 리서치 기관 토큰인사이트와 파트너십 체결,1
이더리움 스마트 컨트랙트 언어 솔리디티 버전 출시,1
현물 및 무기한 선물 상장,1
스텔라 기반 칠레 페소화 연동 스테이블코인 이번주 정식 출시,1
부산시 에도 눈독 부산 콘텐츠 기반 페스티벌 열린다,1
마일벌스 더줌코리아와 리워드몰 입점 계약 체결,1
트위터 이더리움 비판 트윗 게재,1
블랙록 마라톤 디지털 지분 확대,1
업비트 유의종목 지정 해제,1
하원의원 암호화폐 규제권 요구 노골적인 권력 장악 행위,1
비트렉스 글로벌 마켓에 상장,1
싱가포르 그룹 산하 비커스 암호화폐 영업 라이선스 취득,1
스시스왑 스시 옵티미즘 적용 지연 유니스왑이 특혜 받아,1
애널리스트 과매수 구간 소화해야 다음 상승 가능,1
유명 베이시스트 비트코인에 올인했다,1
엘뱅크 일 시 마켓에 상장,1
채굴 업체 파운드리 해시파워 위 기록,1
비욘드 파이낸스 오라클 프로젝트 리튬 파이낸스와 파트너십 체결,1
데이터 월 주요 거래소 평균 웹트래픽 전월 대비 감소,1
포튜브 파트너십 체결,1
제미니로 입금,1
엘뱅크 거래 캠페인 진행 총 보상 만,1
로이터 메시 파리 생제르맹 이적 연봉 패키지에 암호화폐 포함,1
멀티체인 플랫폼 솔라나 기반 토큰 에어드랍,1
포튜브 폴리곤 버전에 지원,1
러쉬코인 재단 핑거아이즈 지분 인수 메타버스 사업 본격화,1
스위스 크립토 은행 지원 기관투자자에 디파이 서비스 제공,1
상반기 블록체인 분야 총 투자액 억달러 작년의 배,1
크라켄 상장,1
비트코인 채굴 난이도 내일 상향 전망,1
메타버스 트레이딩 마켓 하이스트리트 만달러 투자유치,1
시장 진출 수집품 기업 마이티 잭스 만달러 투자유치,1
펑크 프로토콜 공격으로 만달러 손실 만달러 되찾아,1
크로노스 밴드 프로토콜과 탈중앙 오라클 파트너십 체결,1
러시아 중앙은행 부총재 구매 지뢰밭에 들어가는 행위,1
크립토메다 일 서 진행,1
나스닥 상장사 파워브릿지 테크놀러지 암호화폐 채굴 사업 진출,1
다오메이커 만달러 도난,1
운용자산 규모 상위 개 은행 중 블록체인 기업 투자 진행,1
그레이스케일 창업자 트위터서 태그,1
암호화폐 협회 곳 암호화폐 세법 개정 위해 힘 합치기로,1
경찰 스테이블매그넷 먹튀 용의자 체포 피해액 회수,1
암호화폐 채굴기업 하루 최대 채굴 전망,1
콘플럭스 네트워크 프로젝트와 파트너십 체결 생태계 확장,1
그룹 비트코인 채굴자 수수료로 연간 약 억달러 수익 예상,1
이란 국세청 암호화폐 거래소 과세 위해 합법화 필요,1
윌리 우 비트코인 공급량 중 고래 보유 비중 로 감소,1
갤럭시 디지털 스위스 디지털 거래소 전 영입 유럽시장 확장,1
버버리 블랭코스 개 초만에 매진,1
우크라이나 러시아 월렛으로 송금한 다수 암호화폐 거래소 폐쇄,1
이더리움 옵션 미결제약정 개월래 최대,1
택스비트 억 달러 시리즈 투자 유치,1
암호화폐 채굴 사업 진출 파워브릿지 주가 약 급등,1
크립토 데이터 기업 듄 애널리틱스 만달러 시리즈 투자유치,1
다오메이커 만달러 도난 맞다 명 피해,1
슈퍼볼 톰 브래디 첫 사인 컬렉션 공개,1
달러 반납,1
국제 유가 하락 달러,-1
디파이 스타트업 탤리 만 달러 규모 투자 유치,-1
기반 소셜미디어 플랫폼 보이스 서클과 파트너십 체결,-1
시간 후 채굴 난이도 상향 조정 예상,-1
달러 반납,-1
옵션 미결제 약정 규모 억 달러 돌파 월 이후 최다,-1
클라이언트 오픈이더리움 업그레이드 완료,-1
하원의원 톰 에머 리플 소송 업계 분수령,-1
대규모 이체 억 달러 규모 코인베이스 익명,-1
일 억 달러 규모 옵션 만기 도래,-1
년 내 암호화폐 파생상품 거래 서비스 출시,-1
크립토인 에 이더리움 출시 승인 요청,-1
하원의원 인프라법 암호화폐 조항 수정 요청,-1
트위터 트위터 라이트닝 월렛 적용 가능성 언급,-1
증시 대 지수 상승 마감,-1
그레이스케일 암호화폐 운용 자산 약 억 달러,-1
크립토닷컴 호주 이용자 대상 세금 보고 무료 서비스 제공,-1
멕시코 살리나스그룹 회장 소유 은행의 지원 가능성 언급,-1
폴리네트워크 해커 억 달러 자금 반환 완료,-1
와이스 레이팅스 글로벌 대 은행 암호화폐 블록체인 노출,-1
기반 디파이 네코 네트워크 공격 받아 모든 자산풀 동결,-1
크립토 세무회계 소프트웨어 비트웨이브 만달러 시드투자 유치,-1
비트페이 미국 카드 보유자 대상 구글페이 이용 지원,-1
확장성 솔루션 아비트럼원 체인링크 오라클 도입,-1
외신 주요 채굴업체 채굴 투자 비중 늘리고 있다,-1
크립토 세무기업 젠렛저 만달러 시리즈 투자 유치,-1
폴리곤 기반 프로젝트 라리오 크리켓 플랫폼 출시,-1
크림파이낸스 커브 아이언뱅크 풀 투표 참여 시 제공,-1
월 일 코인니스 데일리 선물 차트 분석,-1
블록체인 보안 업체 써틱 만 달러 시리즈 연장 투자 유치,-1
슬로우미스트 네코 네트워크 해커 믹싱 중 일부는 반환,-1
슬로우미스트 다오메이커 공격 발단 관리자 프라이빗키 유출 가능성,-1
이체 코인베이스 익명,-1
크립토 공포 탐욕 지수 탐욕 단계 지속,-1
데이터 이더리움 네트워크 소각 물량 만 개 돌파,-1
트라이엄프엑스 작가 첫 작품 출시,-1
아르헨 대통령 비트코인 법화 지정 위험 무릅쓰고 싶진 않지만 거부할 이유는 없다,-1
데이터 최근 시간 입금 컨트랙트로 만 유입,-1
단기 상승 달러선 일시 회복,-1
고정수익 프로토콜 이그잭클리 파이낸스 만달러 시드투자 유치,-1
퍼지 펭귄 오픈씨서 시간 거래량 위,-1
메시 품은 팬 토큰 급등으로 억 수익,-1
호주 은행들 공동 설립 블록체인 스타트업 만달러 프리 투자유치,-1
아베 설립자 아베 계정 이더리움 지갑과 연결될 것,-1
펑크 프로토콜 해킹 피해 배상안 발표,-1
스위스 독일 오스트리아에 암호화폐 투자 상품 제공,-1
채굴업체 상반기 채굴 수익 약 만 달러,-1
조던 피터슨 비트코인 탈중앙화 가치 있다,-1
케이스타라이브 마켓 입점 계약 체결,-1
타워 스시스왑 토큰 스테이킹 시 리워드 획득 가능,-1
애널리스트 돈세탁에 악용되고 있다,-1
크레딧코인 브랜드 리뉴얼 진행 홈페이지 개편,-1
라리블 스마트컨트랙트 표준 라리블 프로토콜 공개,-1
국회입법조사처 금융위가 가상화폐 불공정 가이드라인 만들라,-1
비트코인 채굴 난이도 상향,-1
빗썸 기반 가상자산 입출금 일시 중단,-1
클레이스왑 풀 추가 지원,-1
바이낸스 현물 거래 시스템 업그레이드 완료,-1
디파인 첫번째 멀티 체인 플랫폼 지갑으로 매스월렛 선정,-1
바이낸스로 만 이체,-1
포춘 판매로 취득한 이더리움 팔지 않고 보유할 것,-1
아고브 샤넬 라지 클래식 핸드백 경매,-1
벤쿠버 비엔날레 현대 미술에 블록체인 기술 도입,-1
데이터 비트코인 도미넌스 이하로 하락,-1
식스네트워크 디파이 프로젝트 디피닉스 리밸런싱 팜 출시,-1
와이즈비트코인 마켓에 상장,-1
비트렉스 글로벌 마켓에 상장 예정,-1
폴리네트워크 억 달러 해킹 후 반환 화이트해커 에 만 달러 지급,-1
마일벌스 블록체인 기반 마일리지 통합 시스템 특허 등록,-1
바이낸스 원화 거래 및 결제 지원 종료,-1
베네수엘라 카라보보 지역 당국 시간 내 채굴업체 전력 공급 중단 해제,-1
제미니로 입금,-1
크립토닷컴 글로벌 프로그램 출시,-1
하이브 채굴장비 대 추가 매입 계약 체결,-1
바이낸스 등 종 거래페어 지원,-1
이토로 이더리움 스테이킹 지원,-1
데이터 만 이상 월렛 총 공급량의 보유,-1
렛저 라이브 지원 토큰 관리 가능,-1
라이트닝 네트워크 용량 전월,-1
바이비트 올들어 배 상승,-1
카난 모슨 인프라 그룹에 채굴 장비 만대 공급,-1
바이낸스로 입금,-1
상원의원 와이오밍 주 암호화폐 법안 워싱턴서 샌드박스 될 수도,-1
캐나다 상장사 이더 캐피털 억원 상당 보유,-1
데이터 오픈씨 하루 거래량 연초 만 증가,-1
솔라나 재단 리스본 컨퍼런스 개최,-1
북미 채굴업체 마라톤 디지털 분기 매출 전분기 증가,-1
바이낸스 말레이시아 링기트 거래 및 결제 지원 종료,-1
파라미 프로토콜 만 달러 투자 유치,-1
비영리 개발자 커뮤니티에 만 달러 후원,-1
폴리곤 헤르메즈 인수 통합 예정,-1
국채 년물 금리 로 하락,-1
달러 회복,-1
외신 이스라엘 규제당국 는 내재가치 없는 투기자산 평가,-1
런던 법원 바이낸스에 해커추적 및 자산회수 지원 명령,-1
채굴 난이도 일 시간 후 상향 조정 전망,-1
폴리네트워크 자산회수 및 운영재개 위한 로드맵 공개,-1
창업자 비트코인 터무니 없는 일들에 대한 환상적인 헷지 수단,-1
재무부 인프라법 암호화폐 기업 과세 가이드라인 공개 예정,-1
알론조 업그레이드 월 일 예정 달러 돌파,-1
인텔 코인베이스 주식 매입 총 주,-1
모건 포지션 숏 롱 이동 기관 수요 증가,-1
학원장이 학생에 비트코인 투자 부탁 손실 나자 흉기 협박,-1
선물 순숏포지션 규모 월 중순 이래 최저 수치 기록,-1
코인원 입출금 일시 중단 지갑 안정화 작업 진행,-1
러 경찰당국 현지 최대 암호화폐 폰지 사기 피니코 창업자 체포,-1
승인 토큰화 증권 프롭스 운영 중단 공지,-1
서베이 캐나다 투자자 포트폴리오에 암호화폐 포함,-1
크립토 공포 탐욕 지수 탐욕 극단적 탐욕 전환,-1
이더허브 창업자 지난 시간 분당 평균 소각량 만 달러,-1
코인베이스 코인베이스 자산계의 아마존되고 싶다 모든 합법 자산 리스팅할 것,-1
지난 시간 억 달러 암호화폐 선물 청산,-1
문빔 커뮤니티 토큰 세일,-1
달러 반납,-1
클레이 활용 새 디파이 서비스 클레이모어 출시 예정,-1
소식통 바이든 위원장에 로스틴 베넘 임명 예정,-1
인도 거래소 올림픽 메달리스트 대상 암호화폐 지급 계획,-1
시카고 최초 갤러리 첫 대형 전시회 개최,-1
비트멕스 거래소 보유 잔고,-1
미국 마약 판매상 세탁 혐의로 피소,-1
전설 폴 그레이엄 금융통 친구 보유 비트코인 이더리움으로 환전,-1
비트코인 실현 시가총액 역대 최대 억달러,-1
한 사진가 년 촬영한 비탈릭 사진 로 판매,-1
영국 축구클럽 왓포드 선수들 이번 시즌 도지코인 유니폼 입는다,-1
